Dates,AUS_gdp,AUS_rate,AUT_gdp,AUT_rate,BEL_gdp,BEL_rate,BGR_gdp,BGR_rate,CAN_gdp,CAN_rate,CHE_gdp,CHE_rate,CZE_gdp,CZE_rate,DEU_gdp,DEU_rate,ESP_gdp,ESP_rate,EST_gdp,EST_rate,FIN_gdp,FIN_rate,FRA_gdp,FRA_rate,GBR_gdp,GBR_rate,IRL_gdp,IRL_rate,JPN_gdp,JPN_rate,LKA,LTU_gdp,LTU_rate,LUX_gdp,LUX_rate,NOR_gdp,NOR_rate,NZL_gdp,NZL_rate,PHL_gdp,PHL_rate,POL_gdp,POL_rate,PRT_gdp,PRT_rate,ROU_gdp,ROU_rate,RUS_gdp,RUS_rate,SGP_gdp,SGP_rate,SVK_gdp,SVK_rate,SVN_gdp,SVN_rate,SWE_gdp,SWE_rate,URY,USA_gdp,USA_rate,YEAR_gdp,YEAR_rate
1994-01,0.501645,9.814136999999999,0.779464,6.609707500000001,0.79655,9.6410175,0.559233,14.3,0.680429,10.7,0.907331,4.7043395,0.814153,4.300000000000001,0.794548,7.2610025,0.774291,22.0,0.525902,7.6,0.674778,17.189765,0.759862,10.214815000000002,0.611776,9.6,0.763938,14.5,1.143042,2.8739144999999997,13.1,0.651694,3.65,0.634555,2.9014005000000003,0.428712,6.35,0.718567,8.5749765,0.329061,9.45,0.744291,16.45,0.753611,7.7563285,1.405948,10.899999999999999,0.131693,6.759498499999999,0.806523,1.75,0.781847,14.620000000000001,0.748256,14.649999999999999,0.585296,10.839335,12.100000000000001,0.650468,6.199999999999999,1994-01,1994-01
1994-04,0.50492,10.269156666666667,0.7824795,6.582263333333333,0.8009915000000001,9.728534666666667,0.5680445000000001,15.393333333333333,0.68981,10.866666666666667,0.908917,4.839299333333334,0.822573,4.2,0.8038,7.521107000000001,0.7867435,22.233333333333334,0.5433795,7.466666666666666,0.696266,17.53931,0.765833,10.349383333333334,0.619132,9.799999999999999,0.775028,14.966666666666667,1.144242,2.8977106666666668,13.1,0.655837,3.1333333333333333,0.6446855,2.820377666666667,0.433635,6.433333333333334,0.737032,9.053220666666666,0.348027,9.266666666666667,0.7459295,16.533333333333335,0.7661605,7.9168268333333325,1.503724,10.9,0.1377285,6.574419,0.831123,1.6666666666666667,0.7846074999999999,14.426666666666668,0.7685365,14.966666666666667,0.595983,10.866990000000001,12.083333333333334,0.660922,6.5,1994-04,1994-04
1995-01,0.514092,8.83374475,0.727697,6.4959489999999995,0.734561,9.6963865,0.021998,12.1,0.694571,9.55,0.910137,4.3593262500000005,0.823188,4.2,0.80789,7.07948675,0.635239,21.375,0.283429,8.7,0.70987,16.008715,0.767628,9.885183,0.620837,8.85,0.539078,12.925,1.138992,2.977778,12.7,0.438685,5.15,0.529882,2.8041343750000003,0.449088,6.125,0.736229,7.06742125,0.348943,9.45,0.744291,15.775,0.608642,7.7701535,0.086905,10.5,0.016733,7.9572354999999995,0.843283,1.75,0.518068,14.2925,0.445624,14.025,0.604172,10.5343575,11.8375,0.664523,5.55,1995-01,1995-01
1995-04,0.52823,8.589052,0.735363,6.395841,0.735204,9.620191,0.023372,11.806666666666667,0.704549,9.6,0.919141,4.273394333333333,0.8276165,4.2,0.81874,6.953087333333333,0.651947,20.900000000000002,0.335372,9.733333333333333,0.719871,15.409436666666666,0.776675,9.722222333333333,0.637654,8.833333333333334,0.554315,12.5,1.138788,3.0668876666666667,12.300000000000002,0.518953,5.066666666666666,0.57242,2.5471923333333333,0.442174,6.166666666666667,0.746201,6.610360666666666,0.380494,9.633333333333333,0.416218,15.366666666666667,0.618437,7.903064666666666,0.100674,10.266666666666666,0.028266,7.756823,0.851217,1.7666666666666666,0.53479,14.19,0.48629,13.9,0.616447,10.371133333333333,11.816666666666668,0.674254,5.533333333333334,1995-04,1995-04
1996-01,0.526387,8.435412,0.735366,6.93889475,0.740587,9.69383925,0.023652,11.0975,0.707019,9.475,0.915967,4.41964925,0.60147,3.8,0.818977,7.5217177500000005,0.657219,20.275,0.355103,9.85,0.713507,15.780755,0.780481,9.815742,0.643965,8.25,0.552723,11.9,1.133875,3.43188725,11.8,0.54089,7.175,0.58098,2.678589,0.456715,5.175,0.753089,6.3544625,0.384192,9.05,0.463502,14.6,0.620767,7.8536905,0.117126,8.725,0.031041,9.073983,0.855593,1.675,0.552926,12.89,0.498652,14.175,0.620475,10.7036425,11.7375,0.677469,5.5,1996-01,1996-01
1996-04,0.53257,8.469687333333333,0.744421,7.240674666666666,0.739628,9.818945,0.056346,10.586666666666666,0.717935,9.466666666666667,0.915799,4.371393,0.632248,3.6999999999999997,0.820431,7.592768666666667,0.673046,20.233333333333334,0.394953,9.633333333333333,0.718573,14.676753333333332,0.783616,9.977778333333333,0.658605,8.266666666666667,0.578528,11.933333333333332,1.13107,3.325381333333333,11.300000000000002,0.602072,7.566666666666666,0.546,2.679708,0.479716,5.3,0.758705,6.299872333333333,0.398471,8.966666666666667,0.531735,15.066666666666668,0.635525,8.030370333333334,0.151223,8.9,0.037096,8.867935666666666,0.86613,1.8,0.584175,12.799999999999999,0.53235,14.033333333333333,0.61411,10.537803333333335,11.616666666666665,0.68616,5.533333333333334,1996-04,1996-04
1997-01,0.534007,8.42317575,0.745357,7.0354365,0.738953,9.208639999999999,0.176696,12.8225,0.719945,9.5,0.914537,5.11020575,0.645045,4.45,0.821166,8.313945499999999,0.672753,18.8,0.39853,9.975000000000001,0.721146,13.892465,0.785822,10.215742500000001,0.648973,7.4,0.568648,10.525,1.130434,3.3720475,10.9,0.62832,6.15,0.584396,3.07542775,0.471892,4.575,0.755777,6.48895775,0.406256,8.45,0.537485,12.549999999999999,0.644702,7.63193875,0.243171,6.95,0.037538,10.21006725,0.85939,1.475,0.580959,12.905,0.545643,14.175,0.622538,11.2996425,11.825,0.690251,5.2,1997-01,1997-01
1997-04,0.540911,8.61678,0.751552,7.017344333333334,0.749842,9.112150999999999,0.453318,13.790000000000001,0.722016,9.4,0.912584,5.322645333333334,0.695818,4.233333333333333,0.82322,8.387656999999999,0.69456,18.633333333333336,0.428571,9.4,0.737951,13.679396666666667,0.792913,10.30617,0.649691,7.233333333333333,0.610816,10.5,1.141991,3.324002,10.5,0.655287,5.533333333333334,0.580563,3.068032,0.481605,4.266666666666667,0.761674,6.703792,0.431456,8.433333333333334,0.589536,12.233333333333334,0.660103,7.645928666666667,0.37586,6.733333333333333,0.040937,10.342346666666666,0.873613,1.3999999999999997,0.626066,12.986666666666666,0.578223,14.300000000000002,0.632892,11.86821,11.766666666666666,0.696953,5.166666666666667,1997-04,1997-04
1998-01,0.541241,7.7806542499999995,0.751237,7.0727364999999995,0.753633,9.3062565,0.426866,13.1275,0.720152,8.55,0.912563,4.3909245,0.714791,6.025,0.82365,8.4287105,0.686588,17.125,0.439266,9.85,0.750403,11.9534375,0.795639,9.96666575,0.657272,6.375,0.610241,8.35,1.141446,3.7458095,9.85,0.65993,6.5,0.567707,2.89262425,0.465493,3.45,0.765147,7.34786725,0.442841,9.325,0.606259,10.35,0.668567,6.5193,0.404726,8.975,0.040696,11.444745000000001,0.876507,2.025,0.605245,13.182500000000001,0.587201,14.5,0.631617,9.254205,10.425,0.697944,4.6,1998-01,1998-01
1998-04,0.541704,7.728023333333333,0.753087,7.1475826666666675,0.759982,9.420309000000001,0.520158,12.906666666666666,0.717919,8.433333333333334,0.90868,4.338689,0.737026,5.8,0.830819,8.44668,0.712556,16.666666666666668,0.453927,9.7,0.752694,12.118193333333332,0.79698,9.860493666666665,0.667657,6.333333333333333,0.647592,8.1,1.137859,3.857871,9.2,0.658674,6.666666666666667,0.594613,2.8518033333333332,0.48099,3.5666666666666664,0.770194,7.583022666666667,0.478072,9.733333333333334,0.654637,9.9,0.686198,6.054095,0.517955,8.799999999999999,0.056423,11.469483333333335,0.826755,1.7666666666666666,0.630898,13.016666666666666,0.617265,14.533333333333333,0.635943,9.099142333333333,10.233333333333333,0.704539,4.533333333333333,1998-04,1998-04
1999-01,0.542763,7.187809,0.755732,6.8573967499999995,0.759831,8.65140825,0.437753,12.9075,0.721209,7.8,0.909189,3.0196185,0.743034,7.925,0.830037,7.62562575,0.710151,14.775,0.464006,11.15,0.75434,10.964125,0.79789,9.662963,0.668183,6.075,0.636571,6.375,1.132,4.54097525,9.05,0.643989,7.4,0.588465,2.661625,0.477482,3.15,0.765313,7.516943749999999,0.48019,10.375,0.649956,11.075,0.69379,5.19511625,0.577201,10.6,0.067526,13.033212500000001,0.807466,3.075,0.647371,16.1575,0.630794,13.95,0.635453,7.845981,10.825,0.70681,4.3,1999-01,1999-01
1999-04,0.548157,7.027686,0.754504,6.953208,0.767778,9.020846,0.552077,12.443333333333333,0.741256,8.0,0.915726,2.9876956666666667,0.764391,8.433333333333332,0.829365,7.623425999999999,0.726693,13.933333333333332,0.478833,11.700000000000001,0.765007,10.830343333333333,0.798865,9.814814666666667,0.675368,6.166666666666667,0.678029,6.3,1.118644,4.6798779999999995,8.9,0.650437,7.633333333333333,0.61789,2.7350486666666662,0.533351,3.033333333333333,0.771351,7.3646123333333335,0.505867,9.766666666666667,0.693095,11.366666666666667,0.708755,5.272351666666666,0.785528,11.066666666666668,0.091202,13.724003333333334,0.835913,2.966666666666667,0.688846,16.083333333333332,0.656411,14.0,0.643628,7.461184,11.299999999999999,0.715968,4.3,1999-04,1999-04
2000-01,0.562704,6.4710935,0.761158,6.17900575,0.772078,7.32914525,0.502942,16.66,0.75005,6.875,0.91893,2.12068275,0.757953,8.95,0.826157,7.069032,0.731916,12.625,0.484743,13.95,0.761346,10.277012249999999,0.804717,8.674999999999999,0.678227,5.7,0.691379,4.925,1.11529,4.652432,8.25,0.665196,10.4,0.621317,2.4544057500000003,0.553677,3.55,0.774967,6.259316,0.514949,10.575,0.70251,13.45,0.71356,4.7074685,0.870542,11.45,0.102314,11.581583499999999,0.834012,2.45,0.705531,18.4325,0.660006,12.600000000000001,0.643411,7.1475405,12.425,0.720738,4.0,2000-01,2000-01
2000-04,0.575716,6.526888666666667,0.769627,6.038110666666667,0.783962,6.993097666666666,0.543249,17.896666666666665,0.775434,6.833333333333333,0.929309,1.970759,0.777002,9.200000000000001,0.827995,7.0165966666666675,0.751012,12.200000000000001,0.50864,14.966666666666667,0.782707,10.87806,0.816448,8.561728666666667,0.680006,5.7,0.727575,4.733333333333333,1.104551,4.830376666666667,7.599999999999999,0.658728,10.666666666666666,0.634381,2.487550666666667,0.609918,3.5666666666666664,0.807241,6.423307,0.539396,10.633333333333335,0.72358,13.366666666666667,0.73263,4.8420060000000005,1.112915,11.299999999999999,0.119157,11.230350000000001,0.877946,3.0,0.757491,18.633333333333333,0.699286,12.533333333333333,0.651643,6.8879019999999995,12.266666666666666,0.733352,3.9666666666666663,2000-04,2000-04
2001-01,0.586189,6.452362,0.770556,5.83095575,0.782465,6.61986075,0.545461,17.705000000000002,0.782954,6.975,0.933735,1.68197625,0.788067,8.25,0.83222,6.79367825,0.759741,11.0,0.507737,13.725,0.794432,9.57247875,0.82063,7.53425925,0.684966,5.175,0.75707,4.05,1.106057,4.8712555,7.75,0.663002,12.35,0.629309,2.22095225,0.59745,3.65,0.817995,5.642276,0.547652,11.35,0.728373,15.5,0.741016,4.574027,1.227334,9.925,0.121175,9.285158,0.854069,2.5,0.756355,18.0375,0.714344,11.700000000000001,0.656088,5.92304475,14.525,0.738226,4.325,2001-01,2001-01
2001-04,0.593571,6.586013333333334,0.787767,5.8405130000000005,0.799942,6.252872666666666,0.560246,17.87333333333333,0.767632,7.066666666666666,0.933404,1.5934039999999998,0.821958,8.233333333333334,0.845942,6.752738666666667,0.782561,10.533333333333333,0.542604,13.533333333333333,0.79863,9.623350333333333,0.834132,7.3493829999999996,0.68896,5.0,0.749392,3.9333333333333336,1.091779,4.763817666666667,7.900000000000001,0.650737,12.5,0.64701,2.203898,0.573965,3.466666666666667,0.832834,5.446165000000001,0.565349,11.766666666666666,0.747568,15.366666666666667,0.762286,4.7597076666666664,1.48205,9.299999999999999,0.136862,9.217039999999999,0.827084,2.0,0.765708,18.37333333333333,0.760963,11.699999999999998,0.670565,6.032935999999999,14.966666666666667,0.747909,4.3,2001-04,2001-04
2002-01,0.602149,6.7050725,0.779841,6.69860775,0.802041,7.47082525,0.575843,17.4375,0.771083,7.8,0.93139,2.2468132499999998,0.823188,7.6,0.84682,7.4051279999999995,0.790926,11.0,0.544155,11.975,0.803615,9.62398525,0.839105,7.459259,0.69704,5.175,0.786618,4.575,1.093047,5.37214175,8.350000000000001,0.65998,12.05,0.642988,2.39001975,0.57473,3.8499999999999996,0.834363,5.4346615,0.574257,11.0,0.750737,18.55,0.770035,5.299909749999999,1.525398,9.5,0.138595,8.236037249999999,0.842179,3.6750000000000003,0.787368,18.1225,0.77611,11.575,0.670699,6.04746325,16.1,0.750278,5.65,2002-01,2002-01
2002-04,0.613824,6.44292,0.795691,6.810327999999999,0.811327,7.35461,0.581919,17.113333333333333,0.799849,7.833333333333333,0.934637,2.2463976666666667,0.826514,7.333333333333333,0.852933,7.315874999999999,0.811836,11.299999999999999,0.561187,11.033333333333333,0.806589,9.455203,0.850352,7.5061729999999995,0.710912,5.2,0.799438,4.6000000000000005,1.07583,5.308267666666667,8.8,0.656721,11.933333333333332,0.642604,2.2760456666666666,0.588412,4.0,0.820082,5.278546333333334,0.588459,11.200000000000001,0.739888,19.433333333333334,0.795298,5.137257333333333,1.799209,11.800000000000002,0.158905,7.880572999999999,0.83026,3.533333333333333,0.80867,18.176666666666666,0.807295,11.566666666666668,0.678011,6.084326333333333,15.0,0.760896,5.766666666666667,2002-04,2002-04
2003-01,0.619287,6.06242075,0.796046,6.9092,0.814304,8.0468275,0.580366,15.79,0.81101,7.55,0.938432,3.30264475,0.836688,7.5,0.857172,8.35724525,0.819757,11.575,0.567663,11.125,0.808478,9.31210325,0.852285,7.87129625,0.713631,5.025,0.808279,5.125,1.068736,5.2978257499999994,8.45,0.66279,10.55,0.660451,3.038744,0.598432,4.2,0.827892,4.9805980000000005,0.595782,11.2,0.747062,19.975,0.797837,6.8600845,1.900389,8.025,0.162471,8.342027,0.837955,3.75,0.818215,16.3575,0.820599,11.274999999999999,0.684094,6.56046025,18.125,0.764609,5.925,2003-01,2003-01
2003-04,0.631783,6.039977666666666,0.800922,6.833278333333333,0.827463,8.110292666666666,0.59954,15.126666666666667,0.818294,7.5,0.944137,3.439807,0.839576,7.5,0.862291,8.564748333333332,0.845173,11.566666666666668,0.575858,11.033333333333333,0.808762,9.452432666666667,0.866167,8.061728333333333,0.724347,5.1000000000000005,0.821895,4.766666666666667,1.057085,5.380778666666667,8.1,0.65186,11.1,0.66007,3.1225993333333335,0.607106,4.3,0.84908,4.931033666666667,0.608357,10.9,0.755411,19.933333333333334,0.818095,6.898558,2.216639,7.6000000000000005,0.177908,8.477338333333334,0.814722,3.6666666666666665,0.860038,15.586666666666666,0.848049,11.200000000000001,0.68821,6.369961666666666,18.599999999999998,0.7764,5.933333333333334,2003-04,2003-04
2004-01,0.638961,5.510685499999999,0.806803,7.0757015,0.83234,8.4826285,0.618119,13.15,0.827335,7.275,0.942653,3.8776225,0.864546,8.375,0.865759,9.213753,0.854789,11.175,0.599146,9.4,0.810549,9.25697025,0.869322,8.5064815,0.727245,4.8,0.820784,4.825,1.05529,4.89418025,8.1,0.652775,8.15,0.671083,3.568242,0.610083,4.6,0.850766,4.4228195,0.623251,11.375,0.766557,19.724999999999998,0.816811,7.1247045,2.239528,7.025,0.186875,7.82720425,0.840664,3.675,0.885673,14.655,0.854372,10.825,0.685715,7.26815675,14.575,0.781937,5.675,2004-01,2004-01
2004-04,0.655005,5.518983666666666,0.82019,7.129761333333334,0.84351,8.239807666666666,0.626161,13.12,0.846183,7.266666666666667,0.95001,3.9061823333333336,0.88771,8.433333333333334,0.870141,9.020517666666667,0.881394,11.166666666666666,0.608676,10.033333333333333,0.812702,9.393605666666666,0.879871,8.54321,0.751791,4.8,0.828709,5.033333333333333,1.051771,4.783556666666667,8.1,0.68926,7.433333333333334,0.680819,3.644083,0.659991,4.366666666666667,0.8811,4.2490223333333335,0.648266,11.700000000000001,0.808753,19.7,0.843429,7.018787333333333,2.542534,7.0,0.226003,8.1078,0.864345,3.6666666666666665,0.901714,15.26,0.870059,10.9,0.688495,7.536425,14.133333333333333,0.799398,5.666666666666667,2004-04,2004-04
2005-01,0.661912,5.1087685,0.82715,7.128661,0.84573,8.2619015,0.649597,11.780000000000001,0.851434,6.975,0.949998,3.771211,0.877218,8.075000000000001,0.871962,9.04366525,0.886512,9.9,0.624271,8.85,0.814914,8.93926575,0.883784,8.490740500000001,0.75232,4.825,0.844058,4.575,1.046402,4.4742715,7.9,0.693484,5.35,0.685654,3.9333275,0.662105,4.7,0.881247,3.793624,0.656237,11.6,0.800204,18.625,0.842289,7.9399265,2.598852,6.05,0.224491,7.462516,0.865637,3.075,0.909014,12.375,0.872362,10.225,0.688454,7.8226385,12.15,0.805766,5.275,2005-01,2005-01
2005-04,0.690443,5.101096666666667,0.835266,7.239040666666667,0.864153,8.453667333333334,0.67862,12.063333333333333,0.880397,6.866666666666667,0.959495,3.793750333333333,0.875559,8.066666666666666,0.874048,9.493122333333334,0.916762,9.766666666666666,0.649133,8.933333333333332,0.824396,8.993817333333334,0.897394,8.341975,0.766538,4.733333333333333,0.849333,4.566666666666666,1.03543,4.531001,7.7,0.735884,5.433333333333334,0.736639,3.9645473333333334,0.72019,4.833333333333333,0.894855,3.8599943333333333,0.689982,11.733333333333334,0.796785,18.5,0.870994,8.097837,2.81377,5.633333333333333,0.263435,7.166011999999999,0.873836,3.233333333333333,0.9305,12.016666666666666,0.881914,10.1,0.699024,7.888159000000001,12.1,0.825715,5.266666666666667,2005-04,2005-04
2006-01,0.698524,4.93222925,0.840669,7.0595825,0.868706,8.334897,0.680189,10.16,0.877216,6.475,0.965991,3.5136865,0.870413,7.575,0.872682,8.47909525,0.92312,8.625,0.671137,6.6,0.81839,8.64357425,0.901722,8.57685175,0.772204,5.2,0.868507,4.6,1.033382,4.3803160000000005,7.1,0.738298,3.8,0.748329,4.22474025,0.743671,4.15,0.89652,3.86076225,0.692706,9.625,0.803367,16.975,0.871678,8.47598975,2.884111,5.575,0.272191,6.92244575,0.870475,2.65,0.918346,10.7675,0.888714,9.85,0.701153,7.41715825,11.825,0.831552,4.75,2006-01,2006-01
2006-04,0.72494,4.941088,0.852397,7.081588,0.879761,8.596896666666666,0.730819,10.286666666666667,0.893721,6.533333333333334,0.98138,3.4933486666666664,0.888397,7.533333333333334,0.879448,8.214457000000001,0.949355,8.666666666666666,0.714088,6.233333333333333,0.834871,8.21187,0.91935,8.741975333333334,0.787641,5.3,0.877207,4.7,1.0303,4.118300666666666,6.5,0.786255,3.4333333333333336,0.772691,4.217796,0.748243,4.066666666666666,0.930549,3.9421313333333337,0.71984,8.1,0.849136,17.066666666666666,0.897331,8.238673333333333,3.113606,5.666666666666667,0.290393,7.193482666666667,0.888144,2.5,0.964701,10.956666666666665,0.911704,10.033333333333333,0.710139,7.599552,11.5,0.8477,4.733333333333333,2006-04,2006-04
2007-01,0.73386,4.52171575,0.858582,6.38126575,0.887525,7.663263,0.77769,8.4475,0.907102,6.3,0.991814,2.9628365,0.906894,6.05,0.887172,8.050815,0.962591,8.325000000000001,0.748338,5.175000000000001,0.842083,7.435455,0.923599,7.84537025,0.789098,5.425,0.886381,4.8,1.027345,4.00736175,6.25,0.804374,3.425,0.76828,4.275751,0.754204,2.8,0.934075,3.6625787499999998,0.719223,7.65,0.834267,14.025,0.903738,8.76600075,3.260665,4.775,0.294699,6.4062895,0.916152,2.5,0.96022,8.9525,0.921705,8.25,0.718613,6.5018720000000005,9.575,0.855763,4.55,2007-01,2007-01
2007-04,0.754135,4.4655293333333335,0.874193,6.309574333333334,0.894403,7.960059333333334,0.806152,8.406666666666666,0.92668,6.3,1.00116,2.9034526666666665,0.912015,5.7,0.896202,8.525435,0.981171,8.1,0.818753,4.866666666666667,0.857749,7.4012150000000005,0.94276,8.088889,0.804343,5.466666666666666,0.872231,4.966666666666667,1.018269,3.9378353333333336,6.0,0.85586,3.233333333333333,0.773655,4.277327,0.804733,2.8666666666666667,0.9696,3.724738666666667,0.744354,7.566666666666666,0.865478,13.633333333333333,0.918218,8.921210333333333,3.660883,4.5,0.348605,6.215505666666666,0.94697,2.566666666666667,0.942218,8.58,0.956127,8.033333333333333,0.734042,6.4381803333333325,9.700000000000001,0.869939,4.466666666666667,2007-04,2007-04
2008-01,0.766099,4.32353125,0.876077,6.017847,0.900889,7.07304,0.83463,6.615,0.944892,6.2,1.008359,2.60189175,0.919886,4.625,0.895895,8.02093675,0.988086,9.85,0.809619,5.025,0.865228,6.87989275,0.950406,7.05185175,0.811682,5.45,0.878481,5.975,1.016195,3.84343225,5.7,0.896392,3.375,0.811836,4.0944815,0.836373,2.7,0.98262,3.688655,0.752573,7.075,0.868915,10.725,0.920448,8.310618250000001,3.744987,4.025,0.352856,6.084837,0.916331,2.0,0.997913,7.885,0.961216,7.1,0.739535,6.07333675,8.475,0.873136,5.3,2008-01,2008-01
2008-04,0.807664,4.078502,0.888505,5.6722676666666665,0.91105,6.764169666666667,0.855788,6.386666666666667,0.934174,6.166666666666667,1.020402,2.5488820000000003,0.928101,4.433333333333334,0.904197,7.514147333333334,0.997144,9.6,0.869152,3.6,0.879314,6.466196333333333,0.958793,6.914815,0.841401,5.233333333333333,0.880984,5.466666666666666,1.020237,3.948724666666667,5.400000000000001,0.906246,3.0,0.836628,3.9822780000000004,0.84811,2.6666666666666665,0.995264,3.820233333333333,0.794861,7.433333333333334,0.895391,10.233333333333333,0.932159,8.114958,4.280737,3.7999999999999994,0.383534,5.840572000000001,0.905466,2.0,0.957757,7.376666666666666,1.00803,6.7,0.763871,5.907181666666666,8.200000000000001,0.886131,5.0,2008-04,2008-04
2009-01,0.803172,4.90296325,0.892204,6.66872925,0.909134,7.33369325,0.886186,6.68,0.919359,7.425,1.020262,3.14383125,0.9612,5.45,0.910772,7.20050825,1.000598,15.775,0.828197,10.525,0.895793,7.516013,0.957344,8.0,0.840545,6.85,0.849501,10.35,1.020786,4.4984975,5.65,0.914343,6.4,0.829975,4.9155695,0.790997,3.25,1.002726,5.114208,0.788418,7.475,0.908641,10.075,0.930013,9.22834725,3.923558,5.05,0.363606,7.5083839999999995,0.93549,2.725,0.981254,9.467500000000001,1.009322,7.8,0.762403,7.48050975,7.449999999999999,0.885412,7.975,2009-01,2009-01
2009-04,0.797853,5.474367666666666,0.904371,7.1368030000000005,0.914365,7.894824,0.904112,6.426666666666667,0.94666,8.266666666666667,1.016041,3.29536,0.951602,5.933333333333334,0.92126,7.193815333333333,0.987849,17.366666666666667,0.829454,11.333333333333334,0.890517,7.901412333333333,0.956915,8.474074,0.840598,7.333333333333333,0.837346,11.566666666666668,0.997784,4.792468666666667,5.900000000000001,0.857882,7.3999999999999995,0.841084,5.189142333333334,0.825758,3.4,0.997254,5.207298333333333,0.829797,7.433333333333334,0.911966,10.299999999999999,0.94235,9.595847333333333,4.428284,5.266666666666667,0.40178,8.351293333333333,0.975007,3.2000000000000006,0.958134,10.09,1.007309,8.233333333333333,0.769535,7.847265,8.200000000000001,0.887801,8.666666666666666,2009-04,2009-04
2010-01,0.812857,5.4159315,0.903839,7.05373425,0.91845,8.2925455,0.862568,9.15,0.954146,8.425,1.017991,3.793339,0.940255,7.425,0.922024,6.9181170000000005,0.994664,19.2,0.821274,16.175,0.887285,8.830993,0.960261,9.018518499999999,0.852694,7.825,0.821764,14.275,0.997459,5.112078,5.4,0.89627,13.15,0.853229,5.800586,0.838843,3.6500000000000004,1.009522,6.3310569999999995,0.827052,7.475,0.920508,12.0,0.941285,11.0477775,4.23298,7.525,0.417515,7.8527517499999995,0.964203,2.25,0.967612,12.64,0.997907,10.399999999999999,0.771842,8.944200499999999,7.15,0.890368,9.75,2010-01,2010-01
2010-04,0.850927,5.386192,0.910716,7.110292666666666,0.937107,8.553814666666668,0.9313,9.653333333333334,0.964692,8.299999999999999,1.020753,3.7051266666666667,0.931812,7.633333333333333,0.925842,6.859576666666666,0.998014,19.466666666666665,0.860399,18.433333333333334,0.90244,8.754945666666666,0.969202,8.961728666666666,0.861023,7.966666666666666,0.825013,13.933333333333332,0.983393,5.061993999999999,4.9,0.915096,13.700000000000001,0.882369,5.785930333333333,0.885549,4.166666666666667,1.057077,6.139194,0.857588,7.3999999999999995,0.936337,12.200000000000001,0.945209,11.15169,4.496424,8.066666666666666,0.469084,7.792934,0.968891,2.2,0.970181,12.576666666666668,0.99554,10.366666666666667,0.779195,9.102897666666665,7.466666666666666,0.902646,9.866666666666667,2010-04,2010-04
2011-01,0.8666,5.048965,0.919551,6.7759695,0.941764,7.54088875,0.96995,9.41,0.977944,7.725,1.019773,3.0675685,0.930089,6.825,0.926272,5.84145225,0.994416,20.849999999999998,0.874747,13.325,0.906851,8.13226575,0.971781,8.84074075,0.875296,8.025,0.835395,15.6,0.98086,4.821467999999999,4.550000000000001,0.93795,13.375,0.902544,5.800337,0.898872,3.65,1.04872,6.105599,0.864462,7.275,0.951723,12.25,0.943539,12.632525000000001,4.582214,6.25,0.488181,6.7250932500000005,0.978924,2.1,0.980306,12.775,1.010421,11.7,0.778769,8.04615025,6.5,0.907262,9.25,2011-01,2011-01
2011-04,0.873595,4.958847333333334,0.925108,6.655853333333333,0.951666,6.986065,0.908581,9.033333333333333,0.996322,7.8,1.019229,2.9854143333333334,0.946786,6.933333333333334,0.939177,5.684935666666667,0.989858,20.566666666666666,0.900457,13.233333333333334,0.924956,8.329442333333333,0.979105,8.758024666666666,0.880297,7.766666666666667,0.83083,14.966666666666667,0.970262,4.6826066666666675,4.2,0.959513,12.6,0.910009,5.585830333333334,0.934207,3.6333333333333333,1.058678,6.033128333333333,0.884011,7.233333333333333,0.969792,12.433333333333332,0.936004,12.831696666666666,4.638757,5.833333333333333,0.529519,6.676810666666666,0.969767,1.9333333333333333,0.990324,12.85,1.008802,11.833333333333334,0.783535,7.927416000000001,6.666666666666667,0.91985,9.033333333333333,2011-04,2011-04
2012-01,0.867307,5.21701125,0.935192,6.91143425,0.962966,7.3800415,0.938519,10.575,0.997013,7.55,1.021386,2.83582125,0.946805,6.699999999999999,0.939669,5.246858,0.995428,23.625,0.911212,10.775,0.936919,7.586715,0.981412,9.1916665,0.883637,8.225,0.85978,15.7,0.971059,4.4187685,4.1,0.974856,11.25,0.916785,5.9056045,0.95564,3.6,1.056985,6.2213215,0.88034,6.975,0.973783,12.55,0.932344,15.492155,4.639458,5.025,0.544358,5.8038605,0.98111,2.05,0.993799,13.565,1.007932,12.025,0.783969,7.944623249999999,6.075,0.925238,8.3,2012-01,2012-01
2012-04,0.869762,5.150127333333334,0.948702,6.936494333333333,0.968641,7.285563666666666,0.966273,10.92,1.006164,7.433333333333334,1.020686,2.8437059999999996,0.956998,6.933333333333334,0.953832,4.961513666666667,0.986029,23.900000000000002,0.930268,10.299999999999999,0.951281,7.657438333333334,0.989652,9.202469,0.894694,8.166666666666666,0.836459,15.966666666666669,0.964293,4.491437666666666,4.0,0.984932,12.033333333333333,0.935883,6.001327,0.950091,3.4,1.041244,6.367936333333333,0.894704,6.8999999999999995,0.985959,12.533333333333333,0.947345,15.440726666666668,4.875922,4.933333333333334,0.56889,5.626444,0.973569,2.033333333333333,1.003492,13.406666666666666,1.019745,11.733333333333334,0.792813,7.7222066666666676,5.866666666666667,0.938845,8.233333333333333,2012-04,2012-04
2013-01,0.873456,5.4637340000000005,0.949632,7.3586645,0.974223,8.44578275,0.968315,11.3525,1.014946,7.2,1.01986,3.0814645,0.957299,7.0249999999999995,0.959903,5.0201407499999995,0.999399,26.025,0.951597,9.175,0.961469,8.12034225,0.992741,9.8675925,0.902544,7.7,0.856186,14.375,0.96253,4.17613175,4.2,0.980994,11.1,0.946469,6.52128225,0.966308,3.75,1.056816,6.0487715,0.894032,7.1,0.980173,13.35,0.950633,17.3987175,4.758185,5.275,0.577238,5.3539545,0.975191,1.9,1.004235,14.165,1.027366,12.8,0.792796,8.1474975,6.55,0.94259,7.7,2013-01,2013-01
2013-04,0.889137,5.590977,0.962629,7.444962666666666,0.982015,8.546911,0.97669,11.236666666666666,1.020229,7.166666666666667,1.018414,3.1238756666666667,0.976993,7.233333333333333,0.968521,5.025274666666667,0.993646,26.366666666666664,0.965137,8.9,0.974656,8.328921333333334,0.994931,10.054319999999999,0.910934,7.8,0.852379,14.466666666666667,0.963466,4.171678333333333,4.4,0.993487,11.299999999999999,0.958238,6.675292333333334,0.987252,4.033333333333333,1.128692,5.863927,0.922722,7.033333333333334,0.998209,13.6,0.960783,17.851946666666667,4.90908,5.233333333333333,0.595063,5.364773,0.973065,1.9333333333333333,1.002234,14.436666666666667,1.030122,13.033333333333333,0.801773,8.265898333333334,6.566666666666666,0.954263,7.6000000000000005,2013-04,2013-04
2014-01,0.888909,5.9850705,0.965686,8.10911375,0.984005,8.681186,0.940346,11.4075,1.034544,7.125,1.016891,3.1236532500000003,0.982849,6.475,0.977174,4.77350925,0.997095,25.225,0.986513,7.9750000000000005,0.979838,8.71058125,0.998059,9.86481525,0.914974,6.800000000000001,0.856066,12.4,0.964043,3.7005325,4.35,1.003049,10.225,0.967656,7.0582952500000005,0.975293,3.975,1.120625,5.6205359999999995,0.927127,6.925000000000001,0.994274,12.9,0.963111,15.22383,4.873221,5.375,0.607747,5.3595015,0.966385,1.95,0.999477,13.18,1.038166,13.15,0.804648,8.14958775,6.625,0.95787,6.475,2014-01,2014-01
2014-04,0.882582,5.978590333333334,0.988305,8.129661333333333,0.991099,8.688959333333333,0.989972,11.51,1.034397,7.133333333333333,1.007883,3.064694333333333,0.995674,6.5,0.986456,4.795086333333333,0.993162,25.066666666666666,0.997182,7.7,0.98861,8.615569666666666,1.003906,9.795061666666667,0.922156,6.6000000000000005,0.867205,12.666666666666666,0.986198,3.6601653333333335,4.3,0.994968,9.966666666666667,0.981147,7.110274666666666,0.957408,3.733333333333333,1.105272,5.492985333333333,0.947197,7.2,0.988433,12.9,0.962276,15.109693333333334,4.949155,5.366666666666667,0.654216,5.132927666666666,0.971961,2.033333333333333,1.002776,13.136666666666668,1.029007,13.4,0.815162,8.151864999999999,6.466666666666666,0.968216,6.533333333333334,2014-04,2014-04
2015-01,0.88013,6.1525627499999995,0.987448,8.79126125,0.994432,8.70668925,0.986943,10.352500000000001,1.024803,6.825,1.005632,3.082167,0.997703,5.575,0.995872,4.45905225,1.001657,23.025,0.990816,6.325,0.997547,9.141852,1.007819,10.032407,0.923884,5.525,0.920753,10.475,0.995128,3.3569,4.5,0.996147,8.825,1.000416,6.897361,0.947085,4.225,1.110608,5.42292725,0.92971,6.375,0.995142,11.0,0.976099,13.5168625,5.064307,5.1,0.655496,5.310644,0.997721,1.875,0.996352,11.9175,1.046932,12.5,0.824133,7.70296325,7.275,0.967686,5.525,2015-01,2015-01
2015-04,0.873913,6.121049,1.010454,9.037283,1.006824,8.837400333333333,1.006385,10.38,1.027017,6.866666666666667,0.996378,3.116199333333333,1.001604,5.6000000000000005,1.004706,4.531363666666667,0.998621,22.933333333333334,1.005593,6.3999999999999995,1.001934,9.445977333333333,1.015034,10.067899666666667,0.929733,5.533333333333334,0.980274,10.5,1.002513,3.4497613333333335,4.7,1.006126,8.5,1.000729,6.919178,0.926631,4.6000000000000005,1.112548,5.515399666666667,0.934923,6.333333333333333,1.012032,11.0,0.988254,13.417773333333335,5.138955,5.333333333333333,0.691418,5.564243666666667,1.000026,1.8666666666666665,1.002281,11.966666666666667,1.052077,12.466666666666667,0.831208,7.845448666666667,7.266666666666667,0.9758,5.433333333333334,2015-04,2015-04
2016-01,0.871615,5.79897975,1.016643,9.0961635,1.004903,8.3836975,1.028724,9.307500000000001,1.024871,7.125,0.997041,3.2877855,1.0119,4.3,1.009816,4.12351075,0.999244,20.275,1.018951,6.4750000000000005,0.999481,9.2328945,1.01701,9.887037,0.934933,5.0249999999999995,0.951864,8.9,1.006473,3.169319,4.550000000000001,1.013004,8.325,0.977871,6.50392775,0.917651,4.95,1.127118,5.052731,0.933652,5.725,1.001212,9.375,0.996888,12.0393275,5.114799,4.775,0.675143,5.6381155,0.994458,1.975,0.991841,10.1725,1.048928,11.65,0.832577,7.04889,7.675,0.974971,4.95,2016-01,2016-01
2016-04,0.907376,5.6675439999999995,1.015638,9.084032333333333,1.026409,8.162567000000001,1.05034,9.273333333333333,1.048087,7.266666666666667,0.988712,3.3329703333333334,1.011775,4.066666666666666,1.019063,4.050234333333333,1.006153,20.333333333333332,1.030502,6.400000000000001,1.002318,8.979971,1.017245,9.840740666666667,0.95347,5.0,0.944078,8.866666666666667,1.00282,3.2371090000000002,4.4,1.019251,8.266666666666667,1.006103,6.463507,0.949856,5.133333333333334,1.150951,5.178811666666667,0.9503,5.666666666666667,1.00681,9.433333333333334,1.002594,12.070936666666668,5.291195,4.733333333333333,0.711149,5.661159333333333,1.015882,1.9666666666666668,0.999787,9.863333333333333,1.06484,11.666666666666666,0.85142,7.231916000000001,7.766666666666667,0.988873,5.0,2016-04,2016-04
2017-01,0.920999,5.68166725,1.016078,8.783544749999999,1.03367,7.2042935,1.060952,7.5175,1.057782,6.725,0.988125,3.200268,1.015282,3.325,1.021794,3.62848475,1.012099,18.1,1.045812,6.125,1.00627,8.7505375,1.019765,9.4296295,0.957806,4.575,0.951258,7.25,1.000689,2.96245125,4.300000000000001,1.039418,7.9,1.010912,6.1288202499999995,0.968675,4.324999999999999,1.165348,4.967787,0.956476,5.55,1.015869,7.8,1.006009,9.8646385,5.319333,4.525,0.727466,5.23618875,1.035133,2.2,1.000888,8.06,1.060391,10.125,0.855021,6.949757249999999,7.975,0.993896,4.575,2017-01,2017-01
2017-04,0.919026,5.784795333333332,1.035828,8.694245666666667,1.039823,7.571958666666667,1.106927,7.533333333333334,1.074169,6.6000000000000005,0.992856,3.175224333333333,1.033454,3.2999999999999994,1.036399,3.7736733333333334,1.023469,17.933333333333334,1.0745,6.0,1.015118,9.016100666666667,1.023946,9.237037,0.967838,4.5,0.959423,7.066666666666666,1.00392,2.792467333333333,4.2,1.073217,7.866666666666667,1.015439,5.993803333333333,0.985521,4.633333333333334,1.188279,4.887661333333333,0.967961,6.133333333333333,1.024975,7.633333333333333,1.020765,9.861976333333333,5.547847,4.5,0.744468,5.263952666666667,1.050233,2.2666666666666666,1.013189,8.073333333333332,1.090606,10.0,0.865005,6.839687666666666,8.299999999999999,1.007786,4.466666666666667,2017-04,2017-04
2018-01,0.92801,5.41322975,1.040666,8.05406075,1.044228,6.1164545,1.086878,6.6375,1.076649,5.925,0.992293,2.80710125,1.041257,2.325,1.040921,3.29210525,1.02206,16.05,1.08933,5.625,1.019902,8.1506765,1.028059,8.711110999999999,0.970016,4.225,0.970149,6.125,1.00602,2.5556455,4.300000000000001,1.081849,8.175,1.024518,5.7168775,1.002476,4.1,1.182067,4.35324975,0.982991,5.475,1.02754,6.375,1.028232,7.67142475,5.617534,3.775,0.772614,4.938556999999999,1.039198,2.125,1.019883,5.78,1.088704,8.575,0.874124,6.56661225,8.1,1.014209,4.025,2018-01,2018-01
2018-04,0.950811,5.561915666666667,1.054183,7.775589666666666,1.063576,6.180632666666667,1.129429,6.3933333333333335,1.071501,5.866666666666667,1.001498,2.7244119999999996,1.060686,2.233333333333333,1.0604,3.2635876666666666,1.036127,15.966666666666667,1.134665,6.166666666666667,1.039909,8.070177666666666,1.036883,8.964197666666665,0.989438,4.2,0.964433,5.866666666666667,1.000513,2.508055666666667,4.4,1.113888,8.533333333333333,1.029381,5.641672,1.048479,4.1000000000000005,1.191662,4.436775333333333,1.005147,5.166666666666667,1.044364,6.266666666666667,1.037997,7.617419666666667,5.931085,3.766666666666667,0.826029,4.869701666666667,1.093709,2.1,1.032626,5.6066666666666665,1.112551,8.4,0.88599,6.286176,8.466666666666667,1.0302,4.033333333333333,2018-04,2018-04
2019-01,0.959237,5.1396774999999995,1.053049,7.64939825,1.062153,5.5956675,1.181453,5.967499999999999,1.086213,5.675,1.000447,2.39122825,1.08105,2.15,1.061875,3.04598125,1.041056,14.275,1.138791,4.6,1.038355,6.526214749999999,1.040821,8.373148,0.989648,3.9,0.982279,5.25,1.007723,2.430614,4.6,1.113691,8.425,1.032436,5.25691725,1.039122,3.875,1.19748,4.269794,1.001567,5.475,1.055313,5.65,1.048958,6.63174025,5.967523,3.175,0.827246,4.763387,1.069106,2.225,1.046956,5.175,1.109847,7.875,0.898078,6.65953175,8.425,1.03374,3.8249999999999997,2019-01,2019-01
2019-04,0.969343,5.114405333333333,1.069672,7.234059666666667,1.083052,5.557954,1.191285,5.59,1.106338,5.8,0.994398,2.3401733333333334,1.102249,1.9333333333333336,1.083534,2.9858143333333333,1.051504,14.199999999999998,1.162012,4.766666666666667,1.05224,6.958021,1.049818,8.408641666666666,1.008786,3.7999999999999994,1.015742,4.966666666666667,1.014961,2.4491536666666667,4.8,1.140131,8.466666666666667,1.039469,5.354393666666667,1.025763,3.733333333333333,1.233365,4.102816,1.005468,5.133333333333333,1.078646,5.633333333333333,1.05537,6.7156796666666665,6.414711,3.1666666666666665,0.833216,4.743584333333334,1.063343,2.2333333333333334,1.061446,5.07,1.141735,7.766666666666667,0.906103,6.958996666666667,8.533333333333333,1.045401,3.733333333333333,2019-04,2019-04
2020-01,0.975323,5.615493,1.077218,7.9318605,1.085847,5.34364525,1.209558,6.24,1.094606,6.5,0.991114,2.64276275,1.12345,2.325,1.090584,3.186008,1.052743,14.450000000000001,1.135037,5.4,1.061549,7.0355655,1.062693,7.898148,1.019395,4.199999999999999,0.995675,5.2,1.018298,2.48060275,5.15,1.145096,10.175,1.051082,5.70400525,1.026292,4.324999999999999,1.241425,4.35583475,1.012894,6.375,1.08498,5.475,1.06467,6.86816475,6.269812,3.0,0.827849,5.03549625,1.052308,2.575,1.07965,5.695,1.121652,7.9,0.916878,7.751753,9.6,1.050364,4.4,2020-01,2020-01
2020-04,0.987372,5.5644643333333335,1.098104,10.403674333333333,1.101285,4.964713,1.256966,6.966666666666666,1.125462,9.233333333333333,0.991253,2.833486,1.155679,1.9666666666666668,1.093893,3.4692496666666663,1.065027,14.466666666666667,1.152349,5.633333333333333,1.058671,6.968725666666667,1.076382,7.4160493333333335,1.046961,4.066666666666666,1.003511,4.8,1.016904,2.5509166666666663,5.5,1.150834,9.799999999999999,1.107039,6.159020000000001,1.005655,3.9,1.243195,4.132473333333333,1.027891,8.933333333333332,1.14606,5.366666666666667,1.07241,6.300432666666667,6.796505,2.9,0.867026,5.013131666666666,1.039814,2.6333333333333333,1.087019,5.62,1.154743,8.166666666666666,0.925054,7.581345333333334,10.0,1.062749,7.533333333333334,2020-04,2020-04
2021-01,1.007716,6.2380015,1.09795,9.008845749999999,1.108262,6.0446445,1.283817,6.3225,1.159972,8.35,0.994773,3.22211925,1.160336,2.95,1.110453,3.631793,1.074505,15.45,1.154613,6.975,1.064581,7.769186250000001,1.086494,7.770370499999999,1.056456,4.875,0.977957,6.125,1.018962,2.88975825,5.3,1.172123,14.625,1.099297,6.1111587499999995,1.083704,4.725,1.246483,4.4024875,1.033312,9.15,1.158665,6.475,1.093607,6.774096999999999,6.605005,3.15,0.921544,5.51578725,1.07994,2.925,1.084567,7.57,1.136069,8.350000000000001,0.939205,8.9531145,10.275,1.076702,6.05,2021-01,2021-01
2021-04,1.038435,5.644839,1.124171,8.941673666666667,1.145729,6.693152333333333,1.376619,6.1933333333333325,1.224461,8.1,1.005843,3.3076633333333336,1.18067,3.266666666666667,1.146726,3.890268333333333,1.109293,15.466666666666667,1.267789,6.8,1.104184,8.277558,1.093137,7.9098766666666664,1.05717,4.9,1.026476,7.466666666666666,1.013363,2.8247556666666664,5.1,1.268357,14.866666666666667,1.178337,6.19097,1.29597,5.0,1.308693,4.455465,1.045992,8.566666666666668,1.195769,6.733333333333333,1.09479,6.986326000000001,7.05444,3.266666666666667,1.070541,5.449264666666667,1.164311,2.8333333333333335,1.12969,7.933333333333334,1.188882,8.4,0.957677,9.199326333333333,10.1,1.12849,6.133333333333333,2021-04,2021-04
2022-01,1.079486,4.06500125,1.144188,6.78895325,1.166955,5.5992482500000005,1.434177,4.7425,1.259843,5.975,1.018066,2.40519775,1.231664,2.225,1.161802,3.20038325,1.116479,13.15,1.324082,5.525,1.1177,6.893291,1.10314,7.18611125,1.073047,3.875,1.039416,4.95,1.021819,2.713241,4.9,1.358066,9.625,1.180148,5.09679125,1.484717,3.375,1.324043,3.21030475,1.076003,6.9,1.205642,5.7,1.113957,6.03273225,7.338095,2.875,1.160211,4.2097745,1.211687,2.25,1.14596,6.742500000000001,1.183373,6.35,0.967158,8.176613,7.725,1.151361,3.95,2022-01,2022-01
2022-04,1.132923,3.9668656666666666,1.203241,6.2221779999999995,1.211625,5.491391666666668,1.646917,4.456666666666667,1.274063,5.333333333333333,1.032579,2.301026333333333,1.317748,2.4,1.215442,3.022295666666667,1.159435,13.133333333333333,1.456016,5.433333333333334,1.16919,6.600954000000001,1.142208,7.203703666666667,1.134718,3.766666666666667,1.076041,4.733333333333333,1.026246,2.6287456666666666,4.7,1.463609,9.4,1.223546,4.774581333333333,1.417116,3.1999999999999997,1.373725,3.233311,1.115026,6.066666666666666,1.385931,5.566666666666666,1.180633,5.7932863333333335,7.941851,2.9,1.158927,4.076832666666667,1.214697,2.1666666666666665,1.222214,6.623333333333334,1.272961,6.066666666666666,1.026075,7.6450586666666664,7.533333333333334,1.200928,3.6666666666666665,2022-04,2022-04
2023-01,1.153626,3.4736905,1.240799,6.220059,1.232693,5.7021250000000006,1.679622,4.615,1.27571,5.05,1.036805,2.0250975,1.370996,2.5,1.237771,3.081763,1.186965,12.95,1.497167,5.7,1.187213,6.9803055,1.162337,6.9925925,1.155018,3.7,1.088263,4.45,1.040054,2.5106450000000002,4.7,1.534099,8.649999999999999,1.252833,4.906585,1.396157,3.3,1.398835,3.3122030000000002,1.146057,4.9,1.419682,5.25,1.209688,6.425809,8.370481,2.95,1.173181,3.697217,1.225441,2.0,1.278924,6.105,1.314882,5.35,1.04212,7.3450895,8.3,1.212605,3.55,2023-01,2023-01
