Year,AUS,AUT,BEL,BGR,CAN,CHE,CZE,DEU,ESP,EST,FIN,FRA,GBR,IRL,JPN,LKA,LTU,LUX,NOR,NZL,PHL,POL,PRT,ROU,RUS,SGP,SVK,SVN,SWE,URY,USA
1994-01-01,10.58005,6.672157,9.518617,15.86,11.4,4.847199,4.2,7.378757,22.2,7.5,18.08644,10.24815,10.1,15.3,2.741259,13.1,3.2,2.763804,6.4,9.391557,9.5,16.4,7.987442,10.6,6.02464,1.7,14.49,15.1,11.26787,12.3,6.6
1994-02-01,10.36909,6.637267,9.631846,15.67,11.1,4.870878,4.2,7.472062,22.3,7.5,17.08085,10.3037,9.9,15.1,2.921206,13.1,3.1,2.790424,6.4,9.275544,9.5,16.5,7.9509875,10.8,6.327454,1.7,14.31,15.1,11.13366,12.2,6.6
1994-03-01,10.33146,6.425844,9.716527,15.49,10.6,4.837618,4.0,7.546336,22.2,7.5,18.18436,10.34815,9.8,15.0,2.930223,13.1,3.1,2.817044,6.4,9.08555,9.5,16.6,7.914533,10.9,6.554162,1.7,14.45,15.0,10.84779,12.1,6.5
1994-04-01,10.10692,6.683679,9.837231,15.02,10.9,4.809402,4.4,7.544923,22.2,7.4,17.35272,10.3963,9.7,14.8,2.841703,13.1,3.2,2.8536650000000003,6.5,8.798568,8.8,16.5,7.8849599999999995,11.0,6.841641,1.6,14.52,14.8,10.61952,11.95,6.4
1994-05-01,9.833122,6.609101,9.949417,14.73,10.7,4.808228,4.2,7.544081,22.2,7.4,17.09123,10.40741,9.7,14.7,2.756557,13.1,3.3,2.890286,6.6,8.565828,8.8,16.6,7.855387,11.1,6.895477,1.6,14.62,14.7,10.62802,11.9,6.1
1994-06-01,9.843557,6.5552,9.929197,13.93,10.3,4.801329,4.4,7.463501,22.2,7.4,16.67789,10.3963,9.6,14.5,2.80998,13.1,3.5,2.9281555,6.5,8.347225,8.8,16.7,7.8339335000000005,11.0,6.978217,1.6,14.75,14.5,11.19166,11.9,6.1
1994-07-01,9.560337,6.497267,9.765964,13.77,10.1,4.749887,4.2,7.344045,22.1,7.6,17.6486,10.34815,9.5,14.4,2.935855,13.1,3.5,2.966025,6.3,8.118422,10.6,16.7,7.81248,11.0,7.176029,1.8,14.78,14.5,10.82523,11.9,6.1
1994-08-01,9.439597,6.526983,9.8053,13.41,10.2,4.768194,4.4,7.313291,22.0,7.6,16.27316,10.3037,9.4,14.1,2.994295,13.1,3.7,3.0179905,6.2,7.966037,10.6,16.7,7.792361,11.0,7.306908,1.8,14.72,14.4,10.72337,11.9,6.0
1994-09-01,9.379394,6.586046,9.751336,13.16,10.1,4.663314,4.4,7.244005,22.0,7.6,16.79506,10.24815,9.3,13.9,2.989447,13.1,4.0,3.008038,6.3,7.825694,10.6,16.6,7.772242,11.1,7.45282,1.8,14.69,14.3,10.75047,11.9,5.9
1994-01-01,9.048224,6.547258,9.763418,12.74,10.0,4.56148,4.4,7.143248,21.8,7.7,16.29309,10.18148,9.1,13.7,3.00657,13.1,4.1,3.038997,6.3,7.758396,9.4,16.5,7.525215,11.2,7.494357,1.8,14.75,14.2,10.4108,11.9,5.8
1994-11-01,9.069623,6.386024,9.706113,12.5,9.7,4.482516,4.3,7.081448,21.8,7.7,15.9997,10.1037,9.0,13.5,2.890224,13.1,4.3,3.069956,6.3,7.589884,9.4,16.4,7.675136,11.2,7.591389,1.8,14.76,14.1,10.31605,11.9,5.6
1994-12-01,8.875872,6.418939,9.670425,12.51,9.6,4.421532,4.3,7.011964,21.6,7.7,15.74885,10.01481,8.9,13.2,2.874117,13.1,4.5,3.0745455,6.4,7.379837,9.4,15.9,7.778994,10.8,7.623543,1.8,14.71,13.9,10.47937,11.850000000000001,5.5
1995-01-01,8.858514,6.500057,9.643244,12.37,9.6,4.332081,4.2,6.980894,21.4,9.7,16.37678,9.885185,8.9,12.9,2.954072,12.3,4.8,2.497398,6.3,6.949573,9.6,15.8,7.781222,10.5,7.729294,1.7,14.48,13.9,10.53471,11.8,5.6
1995-02-01,8.830849,6.396073,9.637258,12.12,9.6,4.301528,4.1,6.923936,21.2,9.7,15.8272,9.796296,8.9,12.7,3.03013,12.3,4.8,2.52925,6.3,6.744122,9.6,15.6,7.833783,10.4,7.742367,1.7,14.36,13.9,10.3286,11.850000000000001,5.4
1995-03-01,8.63606,6.409441,9.616655,11.76,9.7,4.270732,4.3,6.966218,20.9,9.7,15.0687,9.718519,8.8,12.5,3.048459,12.3,5.0,2.593925,6.2,6.57372,9.6,15.3,7.879158,10.2,7.668738,1.7,14.2,13.9,10.54521,11.8,5.4
1995-04-01,8.300247,6.382009,9.60666,11.54,9.5,4.247923,4.2,6.969108,20.6,9.8,15.33241,9.651852,8.8,12.3,3.122074,12.3,5.4,2.518402,6.0,6.51324,9.7,15.2,7.996253,10.2,7.859364,1.9,14.01,13.9,10.23959,11.8,5.8
1995-05-01,8.525738,6.485034,9.602147,11.28,9.5,4.224613,4.1,6.966915,20.5,9.8,14.84638,9.596296,8.7,12.2,3.024936,12.3,5.8,2.542118,5.9,6.405749,9.7,15.1,8.011793,10.2,7.997025,1.9,13.86,13.9,10.20586,11.8,5.6
1995-06-01,8.40034,6.535064,9.57861,11.29,9.5,4.186702,4.3,7.060134,20.6,9.8,15.17064,9.551852,8.7,12.2,3.100474,12.3,6.3,2.645916,5.8,6.323972,9.7,15.3,7.984378,10.1,8.173175,1.9,13.64,13.9,10.44158,11.8,5.6
1995-07-01,8.344519,6.592509,9.665396,11.22,9.6,4.196367,4.1,7.079277,20.7,9.8,16.96555,9.503704,8.6,12.1,3.132625,12.3,6.4,2.559503,5.7,6.229171,9.4,15.2,7.739207,10.1,8.370852,1.6,13.48,14.0,10.14278,11.8,5.7
1995-08-01,8.259493,6.634737,9.604806,11.15,9.5,4.23293,4.0,7.126812,20.8,9.8,16.27045,9.492593,8.6,12.1,3.194741,12.3,6.6,2.496607,5.6,6.222481,9.4,15.2,7.704794,10.1,8.605372,1.6,13.43,14.1,9.85146,11.8,5.7
1995-09-01,8.379067,6.601833,9.748497,11.07,9.2,4.172178,3.8,7.147415,20.9,9.8,15.83129,9.503704,8.6,12.1,3.191391,12.3,6.8,2.584481,5.5,6.243244,9.4,15.2,7.713401,9.8,8.639097,1.6,13.41,14.2,10.5852,11.8,5.6
1995-01-01,8.53097,6.678776,9.765764,11.02,9.3,4.201176,4.0,7.243641,20.7,9.7,15.90953,9.537037,8.6,12.1,3.192699,12.3,7.0,2.574638,5.5,6.350391,9.4,15.0,7.845262,9.5,8.884716,1.7,13.22,14.2,10.8073,11.8,5.5
1995-11-01,8.41276,6.883394,9.825258,10.94,9.2,4.220045,3.6,7.294958,20.7,9.7,16.04698,9.592593,8.3,12.1,3.410119,12.3,7.2,2.578652,5.3,6.402559,9.4,15.0,7.852189,9.2,8.886642,1.7,13.09,14.3,10.54932,11.8,5.6
1995-12-01,8.129161,6.97828,9.787732,10.87,9.4,4.208424,3.7,7.344627,20.5,9.7,16.2609,9.67037,8.4,12.1,3.441161,12.3,7.3,2.591755,5.4,6.435261,9.4,14.8,7.867212,9.4,8.91478,1.7,12.99,14.3,10.82231,11.75,5.6
1996-01-01,8.461482,6.887883,9.878633,10.83,9.4,4.234119,3.9,7.471012,20.4,9.6,15.87388,9.814815,8.3,12.1,3.477661,11.3,7.5,2.577924,5.1,6.391645,9.1,15.0,7.882881,9.4,8.921684,1.8,12.98,14.2,10.45347,11.7,5.6
1996-02-01,8.321235,7.164598,9.848724,10.67,9.5,4.295335,3.4,7.544124,20.3,9.6,15.3901,9.903704,8.2,12.0,3.331975,11.3,7.5,2.621864,5.3,6.378932,9.1,15.1,7.923991,9.2,8.849269,1.8,12.94,14.1,10.47013,11.649999999999999,5.5
1996-03-01,8.42161,7.395967,9.818835,10.57,9.6,4.372071,3.6,7.709215,20.3,9.6,14.61215,9.981481,8.3,11.9,3.257244,11.3,7.6,2.700032,5.3,6.334288,9.1,15.1,7.980413,9.1,8.77767,1.8,12.88,14.0,10.48328,11.5,5.5
1996-04-01,8.666217,7.161459,9.789276,10.52,9.3,4.446773,4.1,7.524967,20.1,9.7,14.02801,10.04815,8.3,11.9,3.386925,11.3,7.6,2.717228,5.3,6.186397,8.7,15.0,8.186707,8.4,8.976868,1.8,12.58,14.0,10.66,11.7,5.6
1996-05-01,8.439314,7.030224,9.676167,10.4,9.2,4.522557,3.8,7.554917,20.1,9.7,14.59576,10.1037,8.3,11.8,3.388882,11.3,7.4,2.761596,5.1,6.162878,8.7,14.9,8.225846,8.0,9.109747,1.8,12.47,14.0,10.53751,11.7,5.6
1996-06-01,8.323863,7.00295,9.560571,10.53,9.8,4.605195,3.8,7.672869,20.2,9.7,15.30568,10.14815,8.2,11.8,3.378172,11.3,7.4,2.760135,5.0,6.202035,8.7,14.4,8.2088,7.7,9.269146,1.8,12.39,13.7,10.63247,12.4,5.3
1996-07-01,8.480137,6.952094,9.45116,10.78,9.7,4.677342,3.9,7.679803,20.1,10.1,15.02851,10.18148,8.1,11.7,3.32179,11.3,7.3,2.763804,5.1,6.410479,8.1,14.1,7.987442,7.4,9.27135,1.5,12.44,13.4,10.72371,12.3,5.5
1996-08-01,8.595306,7.000492,9.40421,10.95,9.4,4.771473,4.0,7.74986,19.8,10.1,15.51906,10.2037,8.1,11.7,3.296868,11.3,7.1,2.817044,5.1,6.453176,8.1,13.9,7.914533,7.2,9.420606,1.5,12.43,13.8,10.98305,12.1,5.1
1996-09-01,8.59134,6.958685,9.37657,11.18,9.9,4.864488,3.9,7.869443,19.7,10.1,15.285,10.21481,8.1,11.5,3.298394,11.3,6.9,2.890286,5.0,6.430064,8.1,13.7,7.855387,7.0,9.537841,1.5,12.46,13.8,11.21371,11.8,5.2
1996-01-01,8.738245,7.006022,9.283734,11.75,9.9,5.016009,4.0,7.976274,19.5,10.4,14.94126,10.18519,8.0,11.3,3.398608,11.3,6.7,2.966025,4.9,6.188385,8.3,13.6,7.81248,6.9,9.572826,1.5,12.5,13.9,10.98947,11.7,5.2
1996-11-01,8.454338,6.998779,9.246284,12.18,9.9,5.082147,4.1,8.05299,19.3,10.4,15.05616,10.1963,7.8,11.1,3.312941,11.3,6.5,3.069956,4.9,6.210899,8.3,13.6,7.756179,6.5,9.677968,1.5,12.53,14.0,11.64768,11.9,5.4
1996-12-01,8.659537,6.847062,9.198739,12.38,9.7,5.100642,4.2,8.131906,19.1,10.4,14.2069,10.21852,7.7,11.0,3.360613,11.3,6.1,3.174102,4.9,6.304545,8.3,13.2,7.720067,6.5,9.900891,1.5,12.66,14.1,12.02281,11.9,5.4
1997-01-01,8.541324,7.055402,9.109,12.68,9.5,5.241145,4.3,8.358944,18.8,9.3,13.92769,10.28148,7.5,10.8,3.303625,10.5,5.8,3.096752,4.8,6.541491,8.5,12.7,7.772242,6.5,10.00507,1.4,12.9,14.2,11.50113,12.0,5.3
1997-02-01,8.694428,6.969773,9.169045,12.94,9.5,5.285236,4.1,8.345202,18.7,9.3,13.78074,10.3037,7.3,10.6,3.442903,10.5,5.6,3.079135,4.3,6.6638,8.5,12.5,7.736358,6.6,10.14131,1.4,12.95,14.3,12.06803,11.9,5.2
1997-03-01,8.571074,7.014875,9.123447,13.72,9.3,5.322135,4.1,8.359491,18.6,9.3,13.66006,10.31481,7.2,10.5,3.269262,10.5,5.5,3.008038,4.2,6.734453,8.5,12.2,7.670302,6.7,10.28416,1.4,12.97,14.3,11.8475,11.8,5.2
1997-04-01,8.584838,7.067385,9.043961,14.71,9.4,5.360565,4.5,8.458278,18.6,9.6,13.59739,10.3,7.2,10.4,3.259841,10.5,5.5,3.116923,4.3,6.713123,8.3,12.0,7.531126,6.9,10.60157,1.4,13.04,14.3,11.6891,11.6,5.1
1997-05-01,8.527312,7.142691,9.133663,14.78,9.4,5.380797,4.5,8.535123,18.7,9.6,13.21747,10.3,7.2,10.2,3.368525,10.5,5.7,3.096229,4.5,6.749784,8.3,11.8,7.476314,6.9,10.83463,1.4,12.85,14.4,11.47707,11.2,4.9
1997-06-01,8.417345,7.116871,9.243078,14.71,9.1,5.387123,4.8,8.597385,18.8,9.6,13.45733,10.3,7.3,10.0,3.345495,10.5,5.8,3.099548,4.4,6.816446,8.3,11.7,7.464164,7.4,10.97005,1.4,12.48,14.5,11.26019,11.8,5.0
1997-07-01,8.53345,7.183099,9.229007,14.69,8.9,5.331335,4.9,8.662479,18.6,9.9,12.65063,10.32963,7.1,9.8,3.412398,10.5,5.8,3.059005,4.3,6.89966,9.4,11.4,7.554485,7.6,11.17541,1.4,12.67,14.6,10.96382,11.8,4.9
1997-08-01,8.389385,7.136262,9.301315,14.6,8.9,5.291244,4.9,8.670385,18.3,9.9,12.46914,10.30741,6.8,9.6,3.399334,10.5,6.0,3.016792,4.0,6.949715,9.4,11.2,7.51673,7.8,11.13601,1.4,12.92,14.6,10.46118,11.9,4.8
1997-09-01,8.089227,7.181755,9.396394,14.35,8.8,5.200102,5.0,8.686168,18.3,9.9,12.46152,10.26296,6.7,9.4,3.506629,10.5,6.1,2.978459,3.9,6.962719,9.4,10.9,7.431054,8.0,11.23216,1.4,13.37,14.5,10.09661,11.8,4.9
1997-01-01,8.037504,7.240503,9.280537,14.05,8.9,5.016889,5.2,8.711942,18.0,9.8,12.37911,10.16667,6.6,9.2,3.511011,10.5,6.2,2.960901,3.7,6.898896,8.7,10.7,7.279267,8.3,11.25634,1.5,13.53,14.4,10.02695,11.5,4.7
1997-11-01,7.992183,7.089522,9.239946,13.71,8.9,4.869263,5.4,8.698259,17.8,9.8,12.31868,10.1,6.5,9.0,3.533097,10.5,6.3,2.901177,3.7,6.975841,8.7,10.6,7.101968,8.6,11.17567,1.5,12.98,14.4,9.651865,10.8,4.6
1997-12-01,7.923741,7.041256,9.278068,13.61,8.5,4.73783,5.7,8.691439,17.6,9.8,12.46133,10.03333,6.4,8.8,3.485335,10.5,6.6,2.894752,3.6,7.092568,8.7,10.4,6.890251,8.8,11.08671,1.5,12.31,14.5,9.56424,10.6,4.7
1998-01-01,7.867501,7.000297,9.428623,13.5,8.8,4.613498,5.7,8.562337,17.1,9.7,11.97956,9.951852,6.4,8.6,3.627965,9.2,6.8,2.914473,3.6,7.244732,9.3,10.2,6.617426,8.7,11.08149,1.7,12.73,14.6,9.505674,10.4,4.6
1998-02-01,7.745031,7.074346,9.380409,13.47,8.6,4.48283,5.6,8.52354,16.7,9.7,12.07208,9.896296,6.4,8.3,3.644284,9.2,6.7,2.905221,3.5,7.41606,9.3,10.0,6.370004,8.7,11.21712,1.7,12.88,14.6,9.115318,10.4,4.6
1998-03-01,7.843749,7.18357,9.451058,12.86,8.4,4.346939,6.0,8.447913,16.7,9.7,12.36925,9.851852,6.3,8.1,3.834603,9.2,6.8,2.830179,3.5,7.55854,9.3,9.9,6.100793,8.8,11.48266,1.7,12.95,14.6,9.017294,10.1,4.7
1998-04-01,7.59529,7.184832,9.42946,12.39,8.3,4.186298,5.8,8.368587,16.6,9.7,11.91325,9.833333,6.3,7.9,4.094726,9.2,6.5,2.82001,3.7,7.774468,10.6,9.8,5.691488,8.9,11.70867,1.9,13.22,14.4,9.164815,10.2,4.3
1998-05-01,7.700297,7.262582,9.446069,12.01,8.3,4.017669,5.9,8.259638,16.6,9.7,12.42135,9.8,6.3,7.8,4.124777,9.2,6.3,2.783769,3.5,7.843938,10.6,9.8,5.480976,9.0,11.56757,1.9,13.36,14.6,9.166759,10.0,4.4
1998-06-01,7.914812,7.36226,9.47249,11.88,8.4,3.843987,6.4,8.101371,16.8,9.7,11.97429,9.766667,6.3,7.6,4.119345,9.2,6.0,2.772111,3.5,7.873484,10.6,9.8,5.377336,9.0,11.58405,1.9,13.53,14.5,8.706702,9.6,4.5
1998-07-01,7.966439,7.327446,9.302642,11.56,8.3,3.710894,6.6,7.976179,16.6,9.8,11.97959,9.703704,6.3,7.5,4.01868,9.2,6.0,2.807278,3.3,7.639412,9.7,9.8,5.478511,9.2,11.6808,3.3,13.86,14.4,9.538364,9.9,4.5
1998-08-01,7.667749,7.270149,9.40811,11.48,8.1,3.594223,6.6,7.956744,16.4,9.8,11.63242,9.692593,6.2,7.3,4.316429,9.2,6.0,2.780212,3.2,7.642672,9.7,9.8,5.467586,9.4,11.86368,3.3,13.94,14.4,8.895477,9.9,4.5
1998-09-01,7.667171,7.279287,9.533255,11.47,8.2,3.461384,6.9,7.846052,16.3,9.8,11.29701,9.703704,6.2,7.1,4.308565,9.2,6.2,2.750013,3.0,7.685047,9.7,10.0,5.456323,9.5,12.1399,3.3,14.36,14.4,8.513993,10.1,4.6
1998-01-01,7.339192,7.159871,9.278389,11.69,8.0,3.343107,7.3,7.762807,16.0,10.1,11.05418,9.781481,6.2,7.0,4.336841,9.2,6.3,2.860095,2.9,8.078328,10.6,10.2,5.467555,9.8,12.43511,3.4,14.71,14.5,8.295041,9.9,4.5
1998-11-01,7.641975,7.081586,9.023426,12.0,8.0,3.260963,7.3,7.709507,15.7,10.1,11.03388,9.803704,6.1,6.8,4.477615,9.2,6.6,2.725555,3.1,8.083438,10.6,10.3,5.436228,10.0,12.76102,3.4,14.99,14.4,8.06039,10.4,4.4
1998-12-01,7.186179,7.031329,8.936644,12.13,8.1,3.221619,7.4,7.769465,15.4,10.1,11.34253,9.814815,6.2,6.6,4.469117,9.2,6.7,2.61149,2.9,7.977052,10.6,10.5,5.38119,10.2,13.08106,3.4,15.37,14.4,7.832947,10.6,4.4
1999-01-01,7.102872,6.992754,8.919242,12.2,7.9,3.159989,7.9,7.68222,14.8,11.6,10.91969,9.8,6.2,6.5,4.561769,8.9,7.0,2.749242,2.9,7.493295,9.9,10.8,5.215354,10.5,13.86865,3.1,15.57,14.1,7.801244,10.9,4.3
1999-02-01,7.095159,7.028834,8.987828,12.36,7.9,3.075227,8.2,7.634965,14.3,11.6,10.8911,9.8,6.2,6.3,4.631845,8.9,7.3,2.735811,2.9,7.392677,9.9,11.2,5.183868,10.9,13.98,3.1,15.71,14.0,7.535126,11.2,4.4
1999-03-01,7.011015,6.908676,9.066964,12.36,7.9,2.992824,8.5,7.600363,13.9,11.6,10.79913,9.8,6.2,6.3,4.667698,8.9,7.8,2.745757,3.1,7.318719,9.9,11.4,5.189794,11.1,13.68399,3.1,16.15,14.0,7.432769,11.4,4.2
1999-04-01,6.976884,6.922114,9.007746,12.61,8.2,2.895036,8.6,7.63495,13.6,11.9,10.8008,9.844444,6.1,6.3,4.740091,8.9,7.8,2.723578,3.1,7.382441,9.5,11.5,5.443393,11.2,13.50802,2.7,16.39,14.0,7.415657,11.3,4.3
1999-05-01,6.953907,6.725649,8.942583,12.87,7.9,2.802538,8.8,7.591188,13.5,11.9,11.20844,9.811111,6.0,6.3,4.697643,8.9,8.0,2.676196,3.1,7.316195,9.5,11.7,5.438105,11.3,13.20277,2.7,16.9,13.9,6.929244,11.4,4.2
1999-06-01,6.687882,6.66296,8.652629,13.23,7.6,2.740009,8.4,7.487445,13.5,11.9,10.314,9.744444,6.0,6.0,4.79439,8.9,8.1,2.658163,3.0,7.234736,9.5,11.8,5.369756,11.5,13.20346,2.7,17.64,13.8,7.395795,11.0,4.3
1999-07-01,6.698218,6.615517,8.463536,13.52,7.6,2.669355,8.7,7.477243,13.5,12.7,10.33272,9.614815,5.9,5.7,4.843232,8.9,8.3,2.678551,3.1,7.102822,9.3,12.0,5.072751,11.7,12.89361,3.0,18.03,13.6,7.731353,10.8,4.3
1999-08-01,6.850988,6.515462,8.188376,14.25,7.4,2.588366,9.0,7.444486,13.5,12.7,10.45601,9.503704,5.9,5.5,4.731873,8.9,8.6,2.654869,3.2,6.960961,9.3,12.3,4.953362,11.7,12.48731,3.0,18.38,13.5,7.728105,10.3,4.2
1999-09-01,7.096189,6.446959,7.838021,14.9,7.5,2.512897,9.1,7.423108,13.4,12.7,10.20167,9.381481,5.8,5.5,4.604563,8.9,9.0,2.626097,3.6,6.783162,9.3,12.5,4.857356,11.8,12.55736,3.0,18.55,13.3,7.807497,11.3,4.2
1999-01-01,6.82021,6.323918,7.726321,15.3,7.2,2.435903,9.1,7.341311,13.2,12.8,10.5604,9.233333,5.8,5.6,4.6554,8.9,9.3,2.560213,3.7,6.51399,10.4,12.7,4.747693,11.7,12.42212,2.4,18.7,12.9,7.689343,11.4,4.1
1999-11-01,6.41973,6.385972,7.62412,15.82,6.9,2.352772,9.1,7.265315,13.1,12.8,10.37962,9.1,5.8,5.5,4.589734,8.9,9.6,2.538681,3.6,6.374776,10.4,12.9,4.725027,11.6,12.34418,2.4,18.91,12.9,7.740386,11.7,4.1
1999-12-01,6.699907,6.214176,7.51559,15.97,6.8,2.33766,9.1,7.203772,12.9,12.8,10.31091,8.966667,5.9,5.4,4.68109,8.9,9.8,2.51918,3.6,6.323924,10.4,13.1,4.742658,11.6,12.17321,2.4,18.96,12.8,7.595262,11.7,4.0
2000-01-01,6.712101,6.434281,7.410318,16.53,6.8,2.126877,9.2,7.090579,12.8,15.6,10.47923,8.833333,5.8,4.9,4.677084,7.6,10.1,2.502215,3.6,6.426354,10.3,13.1,4.918681,11.6,11.97285,2.8,18.64,12.9,7.287053,11.9,4.0
2000-02-01,6.619701,6.238382,7.184223,17.32,6.9,2.041075,9.3,7.014246,12.4,15.6,11.40091,8.7,5.8,4.8,4.822819,7.6,10.4,2.478106,3.7,6.452609,10.3,13.3,4.927513,11.4,11.66515,2.8,18.54,12.7,7.252902,12.0,4.1
2000-03-01,6.576022,6.004546,6.937809,17.99,6.9,1.967364,9.3,7.038145,12.2,15.6,10.99881,8.566667,5.7,4.7,4.849039,7.6,10.7,2.559441,3.5,6.438047,10.3,13.3,4.886289,11.2,11.15222,2.8,18.61,12.5,6.855199,12.2,4.0
2000-04-01,6.384943,5.871404,6.857261,18.38,6.7,1.903838,9.0,6.997399,12.0,13.7,10.23446,8.418519,5.6,4.7,4.819272,7.6,10.9,2.425105,3.5,6.379265,11.3,13.5,4.712216,11.3,10.87368,3.4,18.75,12.4,6.555605,12.6,3.8
2000-05-01,6.341906,5.856163,6.760015,18.69,6.6,1.827268,9.1,6.921829,11.9,13.7,9.956011,8.296296,5.5,4.6,4.614017,7.6,11.3,2.44651,3.2,6.317305,11.3,13.7,4.662021,11.4,10.70285,3.4,18.93,12.2,5.739984,13.4,4.0
2000-06-01,6.108601,5.713291,6.760138,18.67,6.7,1.802986,8.6,6.860411,11.9,13.7,10.33923,8.185185,5.3,4.5,4.681297,7.6,11.7,2.427101,3.2,6.238598,11.3,13.8,4.659865,11.4,10.51641,3.4,19.07,12.2,6.262172,14.2,4.0
2000-07-01,5.994236,5.644089,6.819038,18.79,6.8,1.77769,8.6,6.880813,11.9,14.4,9.455225,8.1,5.3,4.4,4.640691,7.6,12.1,2.353852,3.4,6.133662,12.0,14.1,4.80154,11.3,10.50262,2.0,19.22,12.1,6.414856,13.8,4.0
2000-08-01,6.022684,5.621085,7.067395,18.63,7.0,1.737327,8.6,6.833735,11.8,14.4,9.784305,8.0,5.3,4.2,4.653875,7.6,12.3,2.329848,3.5,6.0438,12.0,14.3,4.783671,11.2,10.29698,2.0,17.67,11.9,6.666052,13.9,4.1
2000-09-01,6.002838,5.488478,6.907093,18.44,6.9,1.692794,8.3,6.79885,11.7,14.4,10.29038,7.9,5.4,4.1,4.698657,7.6,12.3,2.31359,3.5,5.950491,12.0,14.5,4.718433,11.1,10.08341,2.0,17.51,11.9,5.866257,13.8,3.9
2000-01-01,6.052636,5.681594,6.766553,18.32,7.0,1.665422,8.4,6.716462,11.7,14.6,9.938289,7.8,5.3,3.9,4.66182,7.6,12.1,2.257547,3.4,5.91221,11.2,14.7,4.443508,11.0,9.836094,2.2,17.22,11.8,5.967461,14.4,3.9
2000-11-01,6.240806,5.623141,6.630295,17.92,6.9,1.633651,8.6,6.706676,11.5,14.6,9.693191,7.7,5.2,3.9,4.68128,7.6,12.2,2.243217,3.5,5.774668,11.2,14.9,4.412173,10.8,9.535312,2.2,17.38,11.8,5.850698,14.2,3.9
2000-12-01,6.249763,5.469119,6.406971,17.87,6.8,1.636056,8.2,6.635517,11.2,14.6,9.537412,7.6,5.2,3.9,4.778306,7.6,12.3,2.2297,3.6,5.669385,11.2,15.1,4.445513,10.4,9.480338,2.2,17.64,11.8,5.294467,14.4,3.9
2001-01-01,6.09786,5.88526,6.180313,17.85,6.9,1.658064,8.4,6.693053,10.8,13.6,9.743426,7.47037,5.2,4.0,4.776377,7.9,12.4,2.16077,3.6,5.512881,12.1,15.0,4.674579,9.9,9.380898,1.9,18.72,11.8,6.122773,14.6,4.2
2001-02-01,6.508251,5.875448,6.073676,17.88,7.0,1.603713,8.3,6.754246,10.7,13.6,9.922569,7.392593,5.1,4.0,4.715928,7.9,12.4,2.216409,3.6,5.460799,12.1,15.1,4.739616,9.5,9.270142,1.9,18.54,11.7,6.045551,14.7,4.2
2001-03-01,6.471671,5.841997,6.220822,17.77,7.1,1.587654,8.1,6.761947,10.5,13.6,9.440902,7.337037,5.0,3.9,4.762224,7.9,12.5,2.172319,3.4,5.424886,12.1,15.4,4.773534,9.2,9.226601,1.9,18.36,11.7,6.093576,15.1,4.3
2001-04-01,6.778118,5.804094,6.46412,17.97,7.1,1.588845,8.3,6.742023,10.4,13.4,9.50658,7.318519,4.9,3.9,4.813301,7.9,12.6,2.222966,3.4,5.45281,11.1,15.6,4.765973,9.2,9.154377,2.2,18.22,11.7,5.959681,15.1,4.4
2001-05-01,6.80517,5.872536,6.689459,17.63,7.0,1.602212,8.1,6.726538,10.6,13.4,9.394209,7.296296,5.0,4.0,4.923188,7.9,12.6,2.113093,3.4,5.434242,11.1,16.0,4.774214,9.1,9.090923,2.2,17.85,11.6,6.100231,15.3,4.3
2001-06-01,6.880168,5.956321,6.466816,17.56,7.2,1.615366,8.0,6.840845,10.5,13.4,9.418704,7.285185,5.0,4.1,4.985027,7.9,12.7,2.199766,3.6,5.393944,11.1,16.1,4.783082,8.9,9.020517,2.2,17.92,11.5,6.113445,16.0,4.5
2001-07-01,6.920534,6.010304,6.181044,17.27,7.1,1.644749,8.2,6.86763,10.5,12.9,9.231974,7.285185,5.1,4.3,5.064112,7.9,12.6,2.246763,3.6,5.319927,10.6,16.3,4.769483,8.8,9.011807,2.9,18.02,11.5,5.408434,15.7,4.6
2001-08-01,6.833915,6.182755,6.225704,17.22,7.2,1.668496,8.2,6.929584,10.6,12.9,9.270793,7.296296,5.1,4.4,5.073323,7.9,12.5,2.222106,3.7,5.327515,10.6,16.6,4.773206,8.8,8.900998,2.9,18.18,11.3,5.533071,15.4,4.9
2001-09-01,6.85321,6.183324,6.630838,17.11,7.2,1.685296,8.2,7.009727,10.5,12.9,9.930359,7.318519,5.1,4.4,5.295208,7.9,12.5,2.113227,3.8,5.375074,10.6,16.8,4.780945,8.7,8.90078,2.9,18.35,11.4,5.909481,15.3,5.0
2001-01-01,7.221019,6.346303,7.261864,17.18,7.3,1.800134,7.8,7.139467,10.5,12.1,9.315886,7.366667,5.1,4.4,5.249059,7.9,12.5,2.250122,3.9,5.61217,10.9,17.0,4.763843,8.6,8.744084,3.7,18.41,11.4,6.424241,14.9,5.3
2001-11-01,6.884751,6.520781,7.308721,17.36,7.5,1.924519,7.9,7.13377,10.6,12.1,9.84719,7.4,5.2,4.4,5.391007,7.9,12.6,2.237613,3.8,5.588648,10.9,17.2,4.805288,8.5,8.526961,3.7,18.34,11.5,6.002817,15.2,5.5
2001-12-01,6.831139,6.650383,7.373481,17.3,8.1,2.024015,8.0,7.216118,10.7,12.1,9.390818,7.433333,5.2,4.4,5.423027,7.9,12.5,2.232794,3.8,5.552544,10.9,17.5,4.862932,8.7,8.178194,3.7,18.29,11.6,6.015217,15.0,5.7
2002-01-01,6.949274,6.737474,7.421221,17.21,8.0,2.152911,7.4,7.275506,11.1,11.4,9.678786,7.481481,5.1,4.4,5.267653,8.8,12.4,2.349116,3.8,5.373984,10.9,19.4,4.951289,11.9,7.988141,3.6,18.47,11.6,5.954656,15.3,5.7
2002-02-01,6.549481,6.722242,7.33986,17.1,7.9,2.180638,7.4,7.296029,11.5,11.4,9.528044,7.503704,5.2,4.5,5.286782,8.8,12.2,2.23105,4.0,5.322718,10.9,19.4,5.035621,12.3,7.690512,3.6,18.33,11.5,6.01602,15.0,5.7
2002-03-01,6.446906,6.782205,7.422231,16.91,7.9,2.239522,7.6,7.327508,11.2,11.4,9.342081,7.514815,5.2,4.7,5.342999,8.8,11.9,2.268434,4.0,5.284233,10.9,19.4,5.130638,12.3,7.906726,3.6,18.2,11.6,6.076412,15.0,5.7
2002-04-01,6.332373,6.926537,7.301739,17.33,7.7,2.319033,7.0,7.324088,11.2,10.3,9.495484,7.5,5.2,4.6,5.295022,8.8,11.7,2.328653,4.0,5.228688,11.8,19.5,5.245513,10.8,8.044481,3.4,18.0,11.6,6.160547,15.0,5.9
2002-05-01,6.317471,6.892568,7.343377,17.6,7.8,2.385017,7.1,7.508841,11.2,10.3,9.849845,7.5,5.2,4.7,5.421876,8.8,11.5,2.413484,3.9,5.243382,11.8,19.3,5.384275,10.5,8.169724,3.4,18.05,11.6,6.053298,15.4,5.8
2002-06-01,6.444233,6.901446,7.339909,17.69,7.6,2.465805,7.4,7.739547,11.4,10.3,9.143914,7.5,5.2,4.6,5.51931,8.8,11.3,2.411653,3.7,5.280081,11.8,19.7,5.543119,10.2,8.018768,3.4,17.9,11.7,6.005044,15.6,5.8
2002-07-01,6.191688,6.966692,7.43562,18.07,7.6,2.538952,7.1,7.746204,11.7,10.9,9.441457,7.485185,5.2,4.4,5.373671,8.8,11.2,2.462392,3.7,5.574927,11.6,19.8,5.672721,9.8,7.912067,3.6,17.82,11.7,5.921699,16.6,5.8
2002-08-01,6.312694,6.984597,7.417987,18.06,7.4,2.621701,7.2,7.715939,11.8,10.9,9.636072,7.496296,5.3,4.4,5.50371,8.8,11.0,2.541409,3.8,5.594029,11.6,19.9,5.88044,9.5,7.698549,3.6,17.68,11.7,5.698702,17.1,5.7
2002-09-01,6.337254,6.965086,7.617085,18.0,7.6,2.747124,7.3,7.856568,11.7,10.9,9.35537,7.518519,5.2,4.7,5.382846,8.8,10.9,2.519462,4.0,5.530144,11.6,20.0,6.126326,9.3,8.011276,3.6,17.49,11.8,6.361039,18.9,5.7
2002-01-01,6.155126,6.885793,7.779878,17.88,7.6,2.885808,7.1,7.995118,11.6,12.3,9.579147,7.522222,5.2,5.1,5.40688,8.8,10.7,2.740556,4.0,5.22347,11.3,20.1,6.58013,8.9,8.250853,3.7,17.39,11.6,6.217163,18.9,5.7
2002-11-01,6.151339,6.849687,7.923145,17.06,7.5,2.995869,7.5,8.099495,11.6,12.3,9.210404,7.588889,5.1,5.4,5.258971,8.8,10.8,2.816287,4.0,5.0506,11.3,20.1,6.776144,8.5,8.427466,3.7,17.35,11.5,6.262163,19.5,5.9
2002-12-01,6.150362,6.845098,7.981534,16.21,7.6,3.077369,7.4,8.107092,11.6,12.3,9.393046,7.688889,5.0,5.3,5.424925,8.8,10.5,2.908653,4.0,4.973731,11.3,20.0,6.882811,8.2,8.583338,3.7,17.02,11.2,6.41264,18.7,6.0
2003-01-01,6.115164,6.857116,8.070479,16.55,7.5,3.200678,7.2,8.340424,11.7,10.8,9.25406,7.911111,5.1,5.0,5.447996,8.1,11.4,2.992905,4.2,5.034397,11.1,19.9,6.770468,7.9,8.497965,3.7,16.45,11.2,6.501702,18.4,5.8
2003-02-01,5.962297,6.849486,8.104516,15.67,7.5,3.305173,7.3,8.463422,11.7,10.8,9.141453,8.011111,5.2,4.8,5.180286,8.1,11.4,3.076524,4.2,4.994111,11.1,19.9,6.809326,7.7,8.508237,3.7,15.85,11.3,6.1889,18.3,5.9
2003-03-01,6.141465,6.796023,8.089316,15.14,7.4,3.444471,7.7,8.55031,11.6,10.8,9.756328,8.077778,5.1,4.7,5.457935,8.1,11.2,3.147473,4.3,4.94326,11.1,19.9,6.864043,7.6,8.489882,3.7,15.61,11.2,6.419602,18.7,5.9
2003-04-01,6.016171,6.854326,8.137046,14.57,7.6,3.569777,7.5,8.680513,11.4,11.5,9.459517,8.096296,5.0,4.8,5.504115,8.1,10.7,3.143801,4.4,4.85573,10.5,20.0,7.022305,7.5,8.433896,3.6,15.3,11.1,6.501383,18.8,6.0
2003-05-01,6.048671,7.028241,8.071126,14.35,7.8,3.686971,7.8,8.672022,11.3,11.5,9.409727,8.107407,4.9,4.7,5.444787,8.1,10.4,3.245105,4.4,4.781271,10.5,19.9,7.061587,7.7,8.44652,3.6,15.17,11.1,6.447848,18.2,6.1
2003-06-01,6.004041,7.103355,8.184279,14.11,7.6,3.802639,7.8,8.868906,11.5,11.5,9.753903,8.096296,5.1,4.9,5.356484,8.1,10.1,3.279817,4.6,4.67957,10.5,20.0,7.057437,7.6,8.408319,3.6,15.04,11.2,6.592716,17.6,6.3
2003-07-01,6.12392,7.161888,8.195563,13.68,7.7,3.858395,7.8,8.84339,11.6,10.0,9.521437,7.959259,5.1,5.0,5.26971,8.1,9.9,3.315799,4.5,4.55261,12.8,19.9,6.914597,7.7,8.417994,4.8,14.87,11.2,6.555518,16.8,6.2
2003-08-01,5.792672,7.071745,8.221303,13.5,7.8,3.881761,7.9,8.655206,11.5,10.0,9.150198,7.981481,5.0,5.0,5.094128,8.1,9.9,3.386114,4.7,4.531911,12.8,19.9,6.896301,7.5,8.305266,4.8,14.82,11.4,6.857015,15.9,6.1
2003-09-01,5.766256,7.155047,8.205825,13.36,7.9,3.921963,8.1,9.031155,11.5,10.0,9.32364,8.059259,5.0,5.0,5.175187,8.1,9.7,3.427184,4.7,4.567695,12.8,19.9,6.904165,7.4,8.126484,4.8,14.61,11.3,6.753378,15.8,6.1
2003-01-01,5.832818,7.084899,8.212152,13.34,7.6,3.936663,7.9,8.88197,11.4,9.1,9.390903,8.296296,4.9,4.8,5.059411,8.1,9.5,3.437131,4.6,4.863664,11.1,19.9,7.010915,7.5,7.859339,3.9,14.61,11.2,7.065336,15.9,6.0
2003-11-01,5.672242,7.065633,8.268855,13.42,7.4,3.903286,8.2,9.179771,11.3,9.1,9.236745,8.407407,4.9,4.7,5.145416,8.1,9.7,3.496077,4.6,4.811977,11.1,19.9,7.021909,7.4,7.544612,3.9,14.66,11.0,7.420691,15.9,5.8
2003-12-01,5.660117,7.14414,8.433238,13.42,7.3,3.887462,8.4,9.078994,11.4,9.1,9.48157,8.496296,4.8,4.8,4.891355,8.1,9.4,3.481086,4.7,4.709053,11.1,19.9,7.017162,7.2,7.880515,3.9,15.19,10.9,7.224497,15.5,5.7
2004-01-01,5.539851,7.05374,8.654091,13.48,7.3,3.88745,8.3,9.005164,11.3,9.9,9.23084,8.592593,4.8,5.1,4.921407,8.1,7.4,3.548413,4.4,4.384777,11.5,19.9,6.915944,7.1,8.208738,3.7,15.45,11.0,7.077161,14.5,5.7
2004-02-01,5.632184,7.046477,8.665524,13.34,7.3,3.892767,8.7,8.975955,11.2,9.9,9.115555,8.614815,4.8,5.2,4.877182,8.1,7.5,3.550935,4.4,4.27531,11.5,19.8,6.932933,6.9,8.41872,3.7,15.37,11.0,7.690628,14.5,5.6
2004-03-01,5.442967,7.168157,8.339469,13.13,7.3,3.914339,8.3,9.000836,11.1,9.9,9.381901,8.592593,4.8,5.1,4.713005,8.1,7.4,3.629712,4.3,4.207486,11.5,19.7,6.989863,7.0,8.078855,3.7,15.22,11.0,7.543708,13.9,5.8
2004-04-01,5.4818,7.17465,7.71443,12.89,7.2,3.911441,8.3,9.084762,11.2,10.3,9.683361,8.422222,4.8,4.8,4.760483,8.1,7.4,3.751602,4.4,4.264271,12.1,19.6,7.133566,7.1,7.825825,3.6,15.19,10.7,7.374939,14.0,5.6
2004-05-01,5.341027,7.058472,7.588511,12.75,7.1,3.901661,8.6,9.368191,11.2,10.3,9.58544,8.388889,4.8,4.7,4.691511,8.1,7.3,3.563527,4.4,4.203012,12.1,19.6,7.243452,7.0,7.416303,3.6,14.85,10.7,7.641361,13.3,5.6
2004-06-01,5.432076,7.08812,7.922821,12.66,7.2,3.897702,8.1,9.213667,11.2,10.3,9.028953,8.388889,4.8,4.5,4.688321,8.1,7.2,3.70538,4.6,4.09259,12.1,19.7,7.356982,6.9,7.496656,3.6,14.38,10.5,7.451647,13.2,5.6
2004-07-01,5.545298,7.005241,8.669069,12.54,7.1,3.888391,8.1,9.405282,11.0,10.8,9.376085,8.481481,4.7,4.5,4.953787,8.1,7.0,3.738141,4.6,3.909023,11.8,19.6,7.540335,6.8,7.413788,3.0,14.11,10.4,7.277517,13.4,5.5
2004-08-01,5.50685,7.040436,9.119571,12.46,7.0,3.910518,8.3,9.282037,11.0,10.8,9.47064,8.503704,4.7,4.5,4.793948,8.1,6.6,3.699667,4.7,3.825941,11.8,19.5,7.617061,6.8,7.403392,3.0,13.72,10.4,7.364842,13.5,5.4
2004-09-01,5.371024,7.016827,9.103154,12.35,6.9,3.885254,8.2,9.271531,10.9,10.8,8.462619,8.514815,4.7,4.6,4.557445,8.1,6.3,3.728984,4.7,3.773981,11.8,19.4,7.652163,6.6,7.534212,3.0,13.58,10.4,8.225401,13.1,5.4
2004-01-01,5.170532,7.039293,8.57433,12.28,7.1,3.832292,8.6,9.591083,10.7,9.5,9.078726,8.52963,4.7,4.7,4.618543,8.1,6.1,3.747392,4.7,3.785471,11.8,19.2,7.543803,6.4,7.674952,3.2,13.32,10.4,7.350278,12.4,5.5
2004-11-01,5.19361,7.069034,8.142284,12.13,7.2,3.813089,8.3,9.025773,10.6,9.5,9.14453,8.507407,4.7,4.7,4.526985,8.1,5.9,3.797529,4.6,3.758664,11.8,19.1,7.578047,6.3,7.770892,3.2,12.99,10.3,7.718077,12.0,5.4
2004-12-01,5.073769,7.055421,8.190228,12.03,7.1,3.795066,7.8,8.951482,10.3,9.5,8.88782,8.462963,4.7,4.7,4.469658,8.1,5.7,3.84213,4.7,3.775311,11.8,18.9,7.672952,6.1,7.587477,3.2,12.72,10.3,7.634284,12.3,5.4
2005-01-01,5.090869,7.073212,8.259049,12.08,6.9,3.750867,8.3,9.283415,10.1,9.2,9.51571,8.307407,4.8,4.4,4.505912,7.7,5.6,3.840324,4.8,3.874691,11.7,18.7,7.946336,5.9,7.402225,3.2,12.44,10.1,7.837018,11.8,5.3
2005-02-01,5.040211,7.225812,8.439216,12.19,7.0,3.778566,8.3,9.316411,9.9,9.2,9.292134,8.285185,4.7,4.3,4.574791,7.7,5.6,3.921861,4.7,3.885024,11.7,18.6,8.060991,5.8,7.209226,3.2,12.16,10.1,8.307567,11.9,5.4
2005-03-01,5.180804,7.28608,8.494363,12.13,6.9,3.798923,7.8,9.466872,9.7,9.2,8.425363,8.307407,4.7,4.6,4.530538,7.7,5.4,3.923111,4.9,3.88089,11.7,18.5,8.139253,5.5,7.168003,3.2,12.07,10.1,7.522149,12.0,5.2
2005-04-01,5.082275,7.20523,8.427423,11.87,6.7,3.803762,8.1,9.696084,9.7,8.4,9.263955,8.433333,4.8,4.8,4.487674,7.7,5.3,4.04867,4.9,3.814069,11.8,18.4,8.093267,5.6,7.120807,3.3,11.82,10.1,7.834761,12.4,5.2
2005-05-01,5.115885,7.296302,8.469911,11.71,7.0,3.812225,8.1,9.304599,9.4,8.4,8.474236,8.5,4.8,4.9,4.526326,7.7,5.1,4.099691,4.9,3.798449,11.8,18.4,8.15492,5.8,7.200838,3.3,11.63,10.1,7.981161,12.3,5.1
2005-06-01,4.9351,7.328759,8.405808,11.55,6.8,3.811546,7.8,9.262182,9.1,8.4,8.767132,8.566667,4.7,4.9,4.299423,7.7,4.9,4.130066,4.8,3.782378,11.8,18.3,8.238296,5.9,7.190813,3.3,11.52,10.1,8.027419,12.4,5.0
2005-07-01,4.96753,7.346416,8.450152,11.43,6.7,3.798193,7.7,9.174407,8.8,7.3,8.817659,8.662963,4.7,4.8,4.435564,7.7,4.8,4.163836,5.0,3.839946,10.8,18.2,8.424889,6.0,7.213574,3.3,11.37,10.2,8.246461,11.9,5.0
2005-08-01,4.889587,7.354839,8.535711,11.28,6.7,3.794613,7.8,9.31222,8.6,7.3,8.538561,8.707407,4.7,4.7,4.270324,7.7,4.5,4.209418,4.9,3.845226,10.8,18.1,8.501418,6.1,7.308945,3.3,11.33,10.1,7.984559,12.1,4.9
2005-09-01,5.000432,7.367097,8.516354,11.1,6.7,3.777763,7.8,8.264903,8.5,7.3,8.314014,8.72963,4.9,4.6,4.137104,7.7,4.4,4.24232,4.8,3.836463,10.8,18.1,8.541492,6.0,7.1349,3.3,11.46,10.2,7.822568,12.1,5.0
2005-01-01,5.076826,7.316977,8.456045,10.88,6.7,3.725822,7.9,8.913991,8.6,7.2,8.209003,8.685185,5.1,4.5,4.394531,7.7,4.2,4.253327,4.7,3.76583,11.1,17.8,8.562371,5.9,7.08947,2.7,11.35,10.2,8.101175,12.5,5.0
2005-11-01,4.963989,7.259453,8.40762,10.63,6.3,3.678211,7.8,8.748439,8.7,7.2,9.061842,8.696296,5.1,4.5,4.548825,7.7,4.0,4.199304,4.7,3.77261,11.1,17.6,8.510538,5.7,6.904628,2.7,11.24,10.3,7.430588,11.9,5.0
2005-12-01,5.07103,7.20619,8.44055,10.56,6.6,3.632771,7.9,8.688165,8.8,7.2,8.77271,8.718519,5.1,4.6,4.367414,7.7,3.9,4.206383,4.6,3.826646,11.1,17.5,8.451844,5.7,6.984129,2.7,11.12,10.1,7.843994,12.4,4.9
2006-01-01,5.177478,7.229369,8.458221,10.66,6.7,3.569272,7.9,8.590364,8.8,6.3,8.528287,8.811111,5.2,4.7,4.507201,6.5,3.7,4.22199,4.3,4.038349,8.3,17.4,8.295256,5.7,6.994721,2.4,11.06,10.2,7.708551,13.3,4.7
2006-02-01,5.024654,7.187435,8.503694,10.6,6.6,3.536547,7.4,8.407666,8.7,6.3,8.4863,8.811111,5.2,4.7,4.088961,6.5,3.5,4.200939,4.2,4.051511,8.3,17.2,8.240969,5.7,7.096266,2.4,10.95,10.2,7.295901,12.1,4.8
2006-03-01,4.873272,7.255929,8.563075,10.26,6.5,3.503213,7.9,8.242423,8.7,6.3,8.021958,8.777778,5.3,4.7,4.151752,6.5,3.5,4.310924,4.1,4.014514,8.3,17.1,8.211931,5.6,7.059116,2.4,10.95,10.0,7.525752,11.6,4.7
2006-04-01,4.925338,6.8014,8.723921,10.0,6.5,3.440286,7.3,7.993282,8.6,6.1,8.127352,8.637037,5.4,4.7,4.114189,6.5,3.3,4.141525,3.9,3.760369,7.7,16.9,8.26312,5.7,7.425066,2.7,10.97,9.9,7.977003,10.8,4.7
2006-05-01,4.801763,6.841612,8.635634,9.78,6.2,3.399476,7.0,8.197638,8.5,6.1,8.398511,8.592593,5.5,4.7,4.047518,6.5,3.3,4.105558,3.9,3.691952,7.7,16.6,8.247017,5.6,7.682676,2.7,10.85,9.7,7.305677,10.5,4.6
2006-06-01,4.793438,6.737731,8.462512,9.61,6.3,3.338984,7.4,7.969011,8.4,6.1,8.092188,8.57037,5.5,4.8,4.206351,6.5,3.3,4.117537,3.7,3.669911,7.7,16.2,8.22323,5.5,7.389152,2.7,10.7,9.6,7.135131,10.6,4.6
2006-07-01,4.664159,6.690985,8.036774,9.4,6.5,3.305271,7.1,8.04892,8.3,5.7,8.033927,8.688889,5.5,5.0,4.113148,6.5,3.2,4.159017,3.6,3.824096,7.9,16.1,8.080232,5.4,7.213721,2.8,10.45,9.4,7.074957,10.5,4.7
2006-08-01,4.709455,6.58452,7.930289,9.21,6.5,3.27358,6.7,8.388465,8.3,5.7,8.20819,8.622222,5.5,5.1,4.159726,6.5,3.4,4.191281,3.4,3.847161,7.9,15.9,8.137616,5.3,6.905226,2.8,10.21,9.2,7.077169,10.6,4.7
2006-09-01,4.682862,6.554877,7.934058,9.01,6.5,3.227302,7.2,8.495235,8.2,5.7,7.952419,8.488889,5.5,4.9,4.103908,6.5,3.7,4.265931,3.3,3.845244,7.9,15.6,8.267529,5.2,6.937559,2.8,9.92,9.0,6.769906,10.3,4.5
2006-01-01,4.51642,6.543318,8.033197,8.79,6.3,3.174492,6.7,7.889413,8.2,5.7,8.211458,8.081481,5.4,4.6,4.097824,6.5,3.6,4.271284,3.0,3.805444,8.0,15.4,8.646321,5.2,6.806305,2.8,9.65,8.8,6.6855,9.7,4.4
2006-11-01,4.551373,6.475523,7.967394,8.97,6.5,3.112378,6.5,7.404629,8.3,5.7,7.649773,7.97037,5.5,4.6,4.049295,6.5,3.5,4.308096,2.8,3.783629,8.0,15.1,8.762867,5.1,6.739725,2.8,9.41,8.7,6.713751,9.9,4.5
2006-12-01,4.581704,6.457092,7.85923,8.94,6.3,3.071353,6.6,7.321126,8.3,5.7,7.442084,7.948148,5.5,4.7,4.034068,6.5,3.5,4.381647,2.9,3.771355,8.0,14.8,8.856579,5.0,6.592824,2.8,9.23,8.5,6.52386,9.5,4.4
2007-01-01,4.581125,6.46826,7.760292,8.77,6.4,3.028181,6.1,9.037698,8.3,4.9,7.529723,8.222222,5.5,4.8,4.024251,6.0,3.5,4.329195,2.9,3.794993,7.8,14.4,8.913554,4.9,6.37148,2.7,8.97,8.4,6.523166,9.9,4.6
2007-02-01,4.569197,6.344779,7.801916,8.63,6.3,2.976877,5.8,8.601963,8.2,4.9,7.614946,8.222222,5.5,4.9,4.014878,6.0,3.4,4.288031,2.9,3.773839,7.8,14.0,8.942538,4.7,6.387857,2.7,8.63,8.2,6.404175,9.9,4.5
2007-03-01,4.478891,6.296757,7.859866,8.41,6.3,2.889095,5.8,8.640696,8.1,4.9,7.639467,8.155556,5.5,5.0,3.969591,6.0,3.2,4.306893,2.9,3.742484,7.8,13.6,8.94116,4.4,6.151394,2.7,8.61,8.0,6.5374,9.6,4.4
2007-04-01,4.3485,6.287187,8.218396,8.18,6.3,2.844386,5.5,8.333646,8.0,4.8,6.949232,7.888889,5.4,5.0,3.829037,6.0,3.1,4.237057,2.8,3.657893,7.1,13.3,8.879933,4.4,6.107266,2.3,8.5,7.9,6.372966,9.6,4.5
2007-05-01,4.251705,6.252994,8.014981,8.0,6.2,2.793969,5.4,8.473607,7.9,4.8,7.088081,7.788889,5.4,5.0,3.755216,6.0,3.0,4.204644,2.7,3.608762,7.1,13.0,8.830441,4.3,6.077701,2.3,8.47,7.8,6.119117,10.5,4.4
2007-06-01,4.299898,6.236341,7.590035,7.8,6.1,2.715787,5.4,8.503507,8.0,4.8,7.361117,7.722222,5.3,5.0,3.667604,6.0,3.0,4.205958,2.7,3.561571,7.1,12.6,8.774347,4.3,5.999486,2.3,8.46,7.7,6.531619,9.1,4.6
2007-07-01,4.258647,6.147528,7.321628,7.62,6.0,2.706341,5.1,8.27256,8.1,4.4,7.237047,7.807407,5.3,4.9,3.586271,6.0,3.0,4.153553,2.7,3.563353,7.6,12.5,8.712071,4.1,6.020336,1.7,8.42,7.6,5.906526,10.2,4.7
2007-08-01,4.304511,6.166107,7.118815,7.41,6.0,2.680545,4.9,8.295534,8.3,4.4,7.077845,7.718519,5.3,4.9,3.730564,6.0,2.9,4.175394,2.7,3.523304,7.6,12.3,8.657308,4.2,6.003906,1.7,8.4,7.6,5.931623,8.8,4.6
2007-09-01,4.238535,6.077532,6.850847,7.27,6.0,2.642896,5.2,8.500941,8.3,4.4,7.517472,7.574074,5.2,4.9,3.891678,6.0,3.3,4.096373,2.7,3.471808,7.6,12.1,8.594418,4.1,5.93683,1.7,8.35,7.5,6.146249,8.9,4.7
2007-01-01,4.372661,6.124188,7.066136,7.11,6.0,2.639434,5.0,8.439807,8.4,4.4,7.12024,7.240741,5.2,5.1,3.921833,6.0,3.2,4.084066,2.6,3.300338,6.8,11.8,8.531003,4.1,5.921129,1.7,8.2,7.4,6.246711,9.0,4.7
2007-11-01,4.444744,6.099821,7.086866,6.89,6.1,2.623319,4.7,8.6202,8.6,4.4,7.033768,7.085185,5.2,5.2,3.86268,6.0,3.3,4.115733,2.5,3.32129,6.8,11.5,8.412845,4.2,5.860667,1.7,8.1,7.4,5.940648,8.9,4.7
2007-12-01,4.338402,6.047095,7.166336,6.75,6.2,2.597117,5.0,8.653335,8.8,4.4,6.974744,6.974074,5.2,5.3,3.804861,6.0,3.2,3.999913,2.6,3.416792,6.8,11.2,8.310059,3.9,5.790805,1.7,7.94,7.2,6.01931,8.4,5.0
2008-01-01,4.201058,5.885958,7.070074,6.61,6.1,2.58427,4.6,7.9135,9.1,3.5,6.815567,6.922222,5.2,5.3,3.948109,5.4,3.2,3.973061,2.6,3.72938,7.3,10.8,8.176829,3.9,5.846596,1.9,7.73,7.1,6.026012,8.7,5.0
2008-02-01,3.93482,5.567484,6.922293,6.48,6.1,2.55729,4.5,7.295029,9.3,3.5,6.555464,6.888889,5.2,5.3,4.053479,5.4,3.1,4.00128,2.7,3.817153,7.3,10.5,8.117009,3.8,6.178809,1.9,7.35,6.8,5.956184,8.3,4.9
2008-03-01,4.069684,5.588947,6.779578,6.35,6.2,2.544817,4.5,7.525432,9.5,3.5,6.740496,6.888889,5.3,5.5,3.880741,5.4,3.0,3.914843,2.6,3.863328,7.3,10.2,8.094513,3.8,5.757982,1.9,7.38,6.8,5.899051,8.3,5.1
2008-04-01,4.231002,5.860372,6.590638,6.33,6.2,2.544539,4.3,7.721981,10.0,3.8,6.102629,6.966667,5.2,5.6,3.911954,5.4,2.9,4.030711,2.7,3.780219,7.7,10.0,8.133352,3.8,5.584925,2.2,7.4,6.5,5.86631,8.0,5.0
2008-05-01,4.243795,5.777628,6.381468,6.34,6.2,2.508587,4.1,7.362612,10.4,3.8,7.317998,7.0,5.4,5.9,3.945362,5.4,3.1,4.095254,2.8,3.805823,7.7,9.9,8.170103,3.9,5.576024,2.2,7.51,6.6,5.926501,7.4,5.4
2008-06-01,4.21492,5.721438,6.846026,6.3,6.1,2.490329,4.6,7.97599,10.8,3.8,6.724573,7.033333,5.5,6.4,3.937246,5.4,3.2,4.079604,2.9,3.852184,7.7,9.7,8.234098,4.0,5.821017,2.2,7.46,6.6,6.82442,8.1,5.6
2008-07-01,4.252653,5.846848,7.476133,6.27,6.2,2.495562,4.2,7.379706,11.1,6.6,6.403089,7.037037,5.7,6.9,3.870579,5.4,3.4,4.13664,3.0,3.921721,7.2,9.6,8.398003,4.0,6.018191,2.3,7.53,6.6,6.302926,7.8,5.8
2008-08-01,4.031084,5.87603,7.658063,6.25,6.2,2.502913,4.1,7.156388,11.5,6.6,6.788642,7.092593,5.9,7.4,4.118727,5.4,3.6,4.171088,3.0,4.014714,7.2,9.5,8.469557,4.0,6.299479,2.3,7.55,6.7,5.843702,7.9,6.1
2008-09-01,4.314537,5.93519,7.331494,6.22,6.3,2.544243,4.4,6.928695,12.0,6.6,6.996071,7.17037,6.0,7.8,3.984358,5.4,3.6,4.229385,3.1,4.131164,7.2,9.4,8.512875,4.1,6.646957,2.3,7.54,6.7,6.399839,8.0,6.1
2008-01-01,4.309921,6.038514,6.968884,6.21,6.4,2.602861,4.2,6.896712,12.9,7.8,6.695492,7.225926,6.2,8.1,3.758079,5.4,3.8,4.289219,3.1,4.287158,7.4,9.4,8.34274,4.1,6.84128,2.7,7.77,6.7,6.307377,7.9,6.5
2008-11-01,4.46786,6.233049,6.692836,6.11,6.7,2.690802,4.4,7.099931,13.8,7.8,6.969691,7.381481,6.4,8.5,4.080034,5.4,4.1,4.411494,3.1,4.454796,7.4,9.4,8.422273,4.1,7.087323,2.7,8.1,6.8,7.103271,6.8,6.8
2008-12-01,4.586587,6.470511,6.861508,6.16,7.0,2.818808,4.8,7.666638,14.8,7.8,7.004406,7.592593,6.5,9.0,4.44628,5.4,4.4,4.556848,3.1,4.628612,7.4,9.5,8.61175,4.3,7.502253,2.7,8.42,6.9,6.8848,7.9,7.3
2009-01-01,4.934219,6.640468,7.732126,5.83,7.5,2.965328,5.3,6.882053,15.9,10.5,6.834708,7.948148,6.7,10.1,4.269303,5.9,5.5,4.909197,3.3,4.767477,7.5,9.7,9.134156,4.6,7.58876,3.2,8.71,7.4,6.935931,8.0,7.8
2009-02-01,5.240816,6.911879,7.81069,5.96,8.1,3.121248,5.6,7.085793,16.8,10.5,7.555921,8.203704,7.1,10.9,4.597761,5.9,6.5,5.034403,3.3,4.945494,7.5,10.0,9.39094,4.8,8.469421,3.2,9.32,7.8,7.704336,7.8,8.3
2009-03-01,5.708917,7.134284,7.911219,6.47,8.3,3.304307,5.9,7.188001,17.5,10.5,7.787033,8.448148,7.3,11.6,4.847905,5.9,7.5,5.189647,3.4,5.151852,7.5,10.3,9.617634,5.3,8.243259,3.2,10.08,8.2,7.799919,8.0,8.7
2009-04-01,5.47337,7.364246,7.962563,6.85,8.4,3.460525,6.3,7.307652,17.8,13.0,8.361283,8.77037,7.6,12.2,4.93174,5.9,8.2,5.343377,3.5,5.524549,7.3,10.6,9.778968,5.7,8.3412,3.2,10.87,8.7,8.03754,8.8,9.0
2009-05-01,5.771334,7.415524,7.796836,7.21,8.6,3.572128,6.6,7.334419,17.9,13.0,8.901034,8.925926,7.8,12.7,5.113995,5.9,8.9,5.468618,3.6,5.775146,7.3,10.7,9.982432,6.0,8.676514,3.2,11.5,9.0,9.017668,8.1,9.4
2009-06-01,5.863,7.564032,8.020298,7.59,8.8,3.818303,6.5,7.347834,17.9,13.0,8.480879,9.003704,7.9,12.9,5.191597,5.9,9.4,5.568855,3.5,5.991439,7.3,10.9,10.18796,6.3,8.663405,3.2,11.83,9.3,8.319065,7.9,9.5
2009-07-01,5.664933,7.583301,8.0144,7.88,8.8,3.937082,7.0,7.334867,18.0,14.9,8.647873,8.87037,7.9,13.0,5.46113,5.9,9.8,5.585609,3.5,6.123123,7.5,11.2,10.44382,6.6,8.424145,3.3,12.11,9.5,8.530103,7.3,9.5
2009-08-01,5.747598,7.552628,8.092855,8.2,8.8,4.014162,7.5,7.509013,18.2,14.9,8.724025,8.892593,7.8,13.2,5.406547,5.9,10.4,5.61989,3.4,6.266501,7.5,11.3,10.61363,6.8,8.293347,3.3,12.27,9.7,8.842113,7.7,9.6
2009-09-01,5.662005,7.515295,7.994328,8.42,8.5,4.093553,7.4,7.47293,18.4,14.9,8.372649,8.937037,7.9,13.7,5.374515,5.9,11.0,5.697092,3.5,6.388669,7.5,11.5,10.74125,7.0,8.048377,3.3,12.53,9.8,8.948773,7.6,9.8
2009-01-01,5.623187,7.330889,8.048303,8.62,8.5,4.100387,7.3,7.153411,18.6,16.0,9.255247,9.077778,7.8,13.8,5.198373,5.9,11.6,5.784739,3.5,6.605947,7.6,11.7,10.74521,7.2,7.8552,2.3,12.64,10.1,8.998037,7.1,10.0
2009-11-01,5.571274,7.152902,8.097481,8.9,8.6,4.089458,7.4,6.974763,18.7,16.0,9.325833,9.111111,7.8,13.9,5.2398,5.9,12.2,5.784502,3.5,6.610026,7.6,11.7,10.7881,7.5,8.401281,2.3,12.69,10.2,9.051388,7.5,9.9
2009-12-01,5.529002,7.16226,8.359518,9.08,8.6,4.079117,7.4,7.067215,18.9,16.0,8.441479,9.111111,7.7,13.8,5.180393,5.9,12.5,5.758601,3.7,6.50448,7.6,12.0,10.83366,7.6,7.908115,2.3,12.73,10.2,9.186523,7.6,9.9
2010-01-01,5.325374,7.144935,8.51313,9.3,8.4,3.701629,7.8,7.19128,19.1,18.6,9.302196,9.033333,7.9,13.8,4.986738,4.9,12.9,5.75643,3.7,5.985504,7.2,12.2,10.90303,7.8,8.162678,2.2,12.64,10.1,9.102202,6.6,9.8
2010-02-01,5.260765,7.191808,8.516576,9.55,8.4,3.715079,7.9,6.953436,19.2,18.6,8.995039,9.0,8.0,13.7,5.041789,4.9,13.1,5.809424,4.1,5.925903,7.2,12.3,10.98992,8.0,7.782884,2.2,12.64,10.3,8.942224,7.6,9.8
2010-03-01,5.410086,7.068122,8.54621,9.69,8.3,3.72142,7.6,6.839473,19.4,18.6,8.537564,8.966667,8.0,13.9,5.05473,4.9,13.5,5.78476,4.2,5.976908,7.2,12.2,11.10999,8.1,7.867811,2.2,12.63,10.3,8.920346,7.6,9.9
2010-04-01,5.487725,7.070948,8.598658,9.72,8.2,3.678881,7.4,6.785821,19.8,18.1,8.732234,8.918519,7.9,14.2,5.089463,4.9,14.5,5.763607,4.2,6.514771,7.8,12.1,11.35516,8.1,7.728107,2.2,12.46,10.5,9.446123,7.2,9.9
2010-05-01,5.184108,6.949019,8.580325,9.65,8.1,3.652446,7.4,6.680819,20.0,18.1,8.338582,8.896296,7.9,14.5,5.096157,4.9,15.2,5.687673,4.1,6.612048,7.8,12.1,11.49244,8.0,7.487757,2.2,12.33,10.6,8.935364,7.8,9.6
2010-06-01,5.138575,6.937918,8.567609,9.57,8.0,3.598244,7.1,6.400999,20.1,18.1,8.509358,8.885185,7.8,14.4,5.161027,4.9,15.2,5.788642,4.0,6.590529,7.8,12.1,11.60808,7.8,7.156178,2.2,12.34,10.7,8.241238,7.0,9.4
2010-07-01,5.262504,6.833254,8.574959,9.49,8.2,3.530136,7.2,6.414894,19.9,16.0,8.745498,8.914815,7.8,14.3,5.025029,4.9,15.4,5.745931,3.9,6.189193,6.8,12.0,11.68708,7.8,7.112548,2.1,12.35,10.7,8.828443,7.3,9.4
2010-08-01,5.046429,6.831763,8.443998,9.48,8.2,3.471813,7.1,6.248635,20.0,16.0,8.407772,8.903704,7.8,14.4,5.09682,4.9,15.2,5.807992,3.8,6.098772,6.8,11.9,11.76527,7.6,7.190377,2.1,12.4,10.9,8.487456,6.7,9.5
2010-09-01,5.076575,6.785619,8.278413,9.45,8.2,3.396228,6.9,6.430304,20.1,16.0,8.088226,8.881481,7.9,15.0,5.02919,4.9,15.1,5.79669,3.8,6.069831,6.8,12.1,11.82244,7.5,7.029015,2.1,12.44,11.0,8.559365,6.5,9.5
2010-01-01,5.238076,6.75484,8.200053,9.32,8.1,3.303152,7.1,6.43921,20.1,14.1,8.254464,8.818519,7.9,15.6,5.041381,4.9,15.0,5.902811,3.7,6.224218,7.5,12.1,11.66632,7.2,6.938933,2.2,12.5,11.1,8.436689,6.9,9.4
2010-11-01,5.101713,6.664112,7.97501,9.27,7.8,3.226874,7.0,6.136199,20.2,14.1,7.906396,8.796296,7.9,15.7,5.019981,4.9,14.4,5.898018,3.8,6.230817,7.5,12.0,11.76626,6.8,6.773582,2.2,12.45,11.3,8.187767,6.7,9.8
2010-12-01,4.914137,6.864265,7.667065,9.2,7.8,3.186664,6.8,6.223689,20.4,14.1,8.598492,8.785185,7.9,15.7,4.934836,4.9,14.3,5.899282,3.6,6.205098,7.5,12.3,11.95256,6.8,6.915306,2.2,12.49,11.7,8.142005,6.4,9.3
2011-01-01,5.053918,6.765271,7.264168,9.19,7.8,3.125535,7.0,5.989712,20.4,13.4,8.149816,8.814815,7.8,15.4,4.876881,4.2,13.8,5.6681,3.6,6.067087,7.3,12.3,12.51805,6.4,6.890044,1.9,12.7,11.7,7.984542,6.5,9.1
2011-02-01,4.983305,6.663107,7.071477,9.06,7.8,3.061327,7.1,5.704838,20.5,13.4,8.17334,8.803704,7.8,15.1,4.671725,4.2,13.2,5.576031,3.5,6.034523,7.3,12.4,12.73302,6.2,6.806753,1.9,12.8,11.8,7.902504,6.5,9.0
2011-03-01,4.916227,6.710977,6.955812,9.02,7.8,3.024575,6.7,5.816147,20.6,13.4,9.007838,8.781481,7.7,14.9,4.68973,4.2,12.7,5.594766,3.7,5.998518,7.3,12.5,12.88889,5.8,6.492093,1.9,12.84,11.9,7.997982,6.4,9.0
2011-04-01,4.97701,6.593476,6.930906,9.02,7.8,2.870341,7.0,5.533822,20.6,12.9,7.807149,8.688889,7.8,14.9,4.686365,4.2,11.9,5.586694,3.7,6.066344,7.1,12.4,12.87318,5.5,6.731586,2.0,12.91,11.8,7.881762,7.1,9.1
2011-05-01,4.989132,6.704458,6.998856,9.0,7.7,2.776816,6.9,5.480162,20.7,12.9,7.783362,8.688889,7.9,15.0,4.605754,4.2,11.5,5.570433,3.6,6.061362,7.1,12.4,12.98817,5.3,6.494793,2.0,13.0,11.7,7.935279,6.3,9.0
2011-06-01,4.926949,6.682259,7.095802,9.9,7.7,2.758576,6.7,5.685427,21.0,12.9,8.203581,8.722222,8.0,15.2,4.638471,4.2,11.3,5.581152,3.5,6.051073,7.1,12.3,13.12337,5.2,6.437999,2.0,13.06,11.7,7.976616,5.7,9.1
2011-07-01,5.047265,6.668124,7.436606,9.76,7.4,2.716715,6.6,5.510457,21.4,11.3,8.088817,8.848148,8.2,15.5,4.709923,4.2,11.3,5.789254,3.6,5.995556,7.0,12.4,13.17962,5.1,6.707067,2.1,13.26,11.8,7.832355,6.2,9.0
2011-08-01,5.278197,6.684691,7.679295,9.85,7.4,2.717785,6.4,5.667266,21.7,11.3,7.492763,8.903704,8.3,15.6,4.497505,4.2,11.2,5.786582,3.5,5.982001,7.0,12.3,13.42144,5.1,6.390919,2.1,13.34,11.9,7.786476,6.4,9.0
2011-09-01,5.230711,6.74985,7.604337,9.88,7.4,2.708018,6.6,5.158535,22.1,11.3,7.862816,8.948148,8.4,15.7,4.184599,4.2,11.1,5.782098,3.7,5.977109,7.0,12.4,13.75113,5.1,6.40424,2.1,13.42,12.1,7.63147,6.3,9.0
2011-01-01,5.126092,6.81023,7.257312,9.98,7.5,2.731201,6.5,5.016209,22.4,11.7,7.874359,8.966667,8.5,15.6,4.454174,4.2,11.0,5.735948,3.6,5.919394,6.8,12.4,14.29323,5.0,6.321441,2.1,13.46,12.1,7.870287,6.4,8.8
2011-11-01,5.222993,6.84392,7.140044,10.14,7.6,2.756125,6.6,5.287205,22.6,11.7,6.934809,9.0,8.4,15.8,4.487975,4.2,10.7,5.63828,3.6,5.969269,6.8,12.4,14.59569,4.9,6.36504,2.1,13.51,12.1,7.780472,6.0,8.6
2011-12-01,5.224409,6.819636,7.070847,10.34,7.5,2.790493,6.5,5.220941,22.9,11.7,8.03672,9.033333,8.4,16.2,4.48407,4.2,10.8,5.867051,3.6,6.062581,6.8,12.4,14.82569,5.0,5.916434,2.1,13.52,11.9,7.84552,6.3,8.5
2012-01-01,5.08334,6.890135,7.187422,10.5,7.7,2.817832,6.6,5.503476,23.3,10.4,7.713638,9.037037,8.3,15.6,4.547047,4.0,12.1,5.948051,3.7,6.310896,7.0,12.4,14.94947,5.0,5.729944,2.1,13.41,11.8,7.947418,5.9,8.3
2012-02-01,5.239474,7.05531,7.291568,10.76,7.6,2.836014,7.1,5.066118,23.6,10.4,7.304292,9.092593,8.2,16.1,4.471792,4.0,11.9,5.990489,3.5,6.390909,7.0,12.5,15.16411,5.0,5.714048,2.1,13.41,11.8,7.893251,6.1,8.3
2012-03-01,5.172324,6.842024,7.253672,10.93,7.3,2.834584,6.9,4.870443,23.9,10.4,7.934419,9.17037,8.2,16.1,4.513717,4.0,12.3,5.999439,3.4,6.399149,7.0,12.5,15.41802,4.9,5.912944,2.1,13.41,11.7,7.629973,5.4,8.2
2012-04-01,5.038584,6.912149,7.311451,11.07,7.4,2.86052,6.8,4.94798,24.2,10.1,7.733604,9.344444,8.1,15.7,4.488804,4.0,11.9,6.014053,3.3,6.313751,6.7,12.6,15.74005,4.9,5.25234,1.9,13.4,11.7,7.643396,6.1,8.2
2012-05-01,5.196519,6.892996,7.398177,11.14,7.5,2.87666,7.0,5.397764,24.6,10.1,7.799166,9.411111,8.0,15.5,4.423061,4.0,11.8,6.058356,3.4,6.357298,6.7,12.6,16.06107,5.0,5.49074,1.9,13.37,11.7,8.435022,6.7,8.2
2012-06-01,5.17635,6.892586,7.411299,11.21,7.4,2.877352,6.8,4.961067,24.8,10.1,7.584545,9.444444,8.0,15.4,4.339828,4.0,11.8,6.004772,3.4,6.450263,6.7,12.8,16.39576,5.0,5.513651,1.9,13.44,11.8,7.8855,7.0,8.2
2012-07-01,5.11119,6.949656,7.376618,11.17,7.3,2.894747,6.8,5.225049,25.0,10.1,7.911919,9.340741,7.9,15.5,4.407985,4.0,11.7,6.045684,3.3,6.745416,7.0,12.8,16.79363,5.1,5.4015,1.9,13.42,12.0,8.130862,6.9,8.2
2012-08-01,5.129037,6.977993,7.610476,11.18,7.4,2.922373,7.2,5.084039,25.2,10.1,8.43405,9.385185,7.9,15.5,4.197063,4.0,11.6,6.085981,3.4,6.795396,7.0,12.9,17.11056,5.2,5.397345,1.9,13.39,12.0,8.271552,5.8,8.1
2012-09-01,5.487871,6.939903,7.832322,11.13,7.4,2.930063,6.8,4.939232,25.4,10.1,8.044507,9.474074,7.9,15.4,4.207866,4.0,11.7,6.183462,3.5,6.765539,7.0,13.0,17.40057,5.1,5.294103,1.9,13.49,12.1,8.290343,7.2,7.8
2012-01-01,5.337303,7.092046,8.121853,11.32,7.4,2.978835,7.1,4.97581,25.7,9.3,7.661693,9.696296,7.8,15.2,4.155982,4.0,11.4,6.169036,3.5,6.54254,7.3,13.0,17.59777,5.2,5.204024,1.9,13.82,12.3,8.205083,6.1,7.8
2012-11-01,5.246679,7.127079,8.33056,11.37,7.3,3.009301,7.6,4.92601,25.9,9.3,8.157172,9.807407,7.8,15.0,4.160177,4.0,11.3,6.176728,3.7,6.391586,7.3,13.2,17.72983,5.2,5.246355,1.9,14.06,12.4,8.446457,6.5,7.7
2012-12-01,5.435982,7.194922,8.458678,11.29,7.2,3.036095,7.1,5.047721,26.0,9.3,7.574302,9.896296,7.8,14.9,4.260167,4.0,11.1,6.409915,3.7,6.217763,7.3,13.3,17.79285,5.2,5.017622,1.9,14.34,12.8,8.213749,6.2,7.9
2013-01-01,5.405587,7.296699,8.466788,11.28,7.1,3.110721,6.8,5.155087,26.2,9.3,8.551057,9.948148,8.0,14.7,4.222376,4.4,11.3,6.513878,3.8,5.881855,6.9,13.4,17.80996,5.3,5.557613,1.9,14.51,12.8,7.958573,6.9,8.0
2013-02-01,5.487351,7.376682,8.491886,11.28,7.0,3.109499,7.5,5.161437,26.4,9.3,8.457611,10.0037,7.8,14.6,4.255253,4.4,11.2,6.585376,4.0,5.785239,6.9,13.5,17.82678,5.2,5.315216,1.9,14.39,12.9,8.145345,6.3,7.7
2013-03-01,5.629092,7.540827,8.546753,11.2,7.3,3.112898,7.3,4.974554,26.4,9.3,8.137638,10.04815,7.8,14.3,4.145794,4.4,11.5,6.707631,4.1,5.745672,6.9,13.6,17.83198,5.2,5.413333,1.9,14.46,13.0,8.360234,6.8,7.5
2013-04-01,5.656488,7.417379,8.602094,11.23,7.2,3.14923,6.9,4.939833,26.3,8.1,8.391515,10.11111,7.8,14.5,4.113988,4.4,11.2,6.73287,4.0,6.06087,7.3,13.7,17.89708,5.3,5.36577,2.0,14.46,13.2,8.292116,6.6,7.6
2013-05-01,5.63098,7.286266,8.612792,11.15,7.0,3.175122,7.3,4.982543,26.2,8.1,8.714805,10.11111,7.7,14.4,4.143849,4.4,10.9,6.858025,3.9,6.095685,7.3,13.7,17.78993,5.3,5.482021,2.0,14.45,13.2,8.054055,6.1,7.5
2013-06-01,5.718914,7.532834,8.552014,11.17,7.2,3.166088,6.7,5.062631,26.1,8.1,7.430779,10.07778,7.7,14.1,3.85325,4.4,10.8,6.945819,3.7,6.078812,7.3,13.6,17.58052,5.2,5.592879,2.0,14.34,13.2,8.029637,6.5,7.5
2013-07-01,5.522848,7.682641,8.488398,11.25,7.3,3.193455,6.6,4.837308,26.1,8.2,7.831903,9.951852,7.7,13.6,3.913827,4.4,10.6,6.9176,3.9,5.909864,7.2,13.6,17.11879,5.4,5.508919,1.8,14.14,13.2,8.039285,7.0,7.3
2013-08-01,5.78402,7.713707,8.511412,11.24,7.2,3.175636,7.2,4.784158,26.1,8.2,8.21479,9.896296,7.6,13.3,4.090447,4.4,10.8,6.796879,4.0,5.85138,7.2,13.5,16.83101,5.1,5.499998,1.8,13.86,13.2,8.035785,6.1,7.2
2013-09-01,5.70964,7.789416,8.556219,11.35,7.1,3.186211,7.0,4.938246,26.0,8.2,8.335399,9.851852,7.4,13.1,3.916681,4.4,10.7,6.913964,3.9,5.806553,7.2,13.5,16.57101,4.8,5.59419,1.8,13.87,13.2,8.18858,6.1,7.2
2013-01-01,5.766688,7.815958,8.527105,11.47,7.2,3.169741,6.6,4.951745,26.0,8.8,8.198838,9.818519,7.2,12.9,4.061807,4.4,10.7,6.984608,3.8,5.703882,6.9,13.5,16.26223,5.4,5.594228,1.9,13.75,13.2,7.971211,6.6,7.2
2013-11-01,5.790961,7.914537,8.636288,11.5,7.1,3.172777,7.1,4.769088,25.9,8.8,8.922213,9.796296,7.2,12.8,3.936438,4.4,10.7,7.007902,3.9,5.660064,6.9,13.4,15.96636,5.4,5.451071,1.9,13.57,13.2,8.140108,6.5,6.9
2013-12-01,5.885683,8.010469,8.661278,11.63,7.4,3.192502,6.7,4.777051,25.6,8.8,8.322969,9.785185,7.2,12.8,3.605282,4.4,10.7,7.055848,4.1,5.626474,6.9,13.3,15.67184,5.5,5.519864,1.9,13.4,13.2,8.111922,6.6,6.7
2014-01-01,5.919233,7.975118,8.773711,11.57,7.2,3.100454,6.5,4.929921,25.5,8.0,8.33829,9.8,6.9,12.9,3.700645,4.3,10.5,7.095805,3.9,5.691062,7.4,13.2,15.33622,5.5,5.273694,2.1,13.35,13.3,8.214474,6.6,6.6
2014-02-01,6.174057,8.043097,8.704671,11.52,7.2,3.067297,6.5,4.683547,25.3,8.0,8.651695,9.8,6.8,12.9,3.634555,4.3,10.3,7.077284,3.8,5.633169,7.4,13.1,15.15234,5.5,5.205189,2.1,13.23,13.4,8.088405,6.8,6.7
2014-03-01,5.893402,8.144487,8.717502,11.58,7.1,3.072604,6.7,4.886239,25.1,8.0,8.769286,9.8,6.6,12.7,3.684252,4.3,10.0,7.130434,3.7,5.519509,7.4,12.9,15.03426,5.4,5.107629,2.1,13.13,13.5,8.209394,6.1,6.7
2014-04-01,5.868312,8.2014,8.644705,11.43,7.1,3.054182,6.3,4.815473,24.8,7.1,8.425728,9.785185,6.4,12.4,3.661689,4.3,9.6,7.123106,3.7,5.326278,6.8,12.7,15.14248,5.2,5.085965,1.9,13.05,13.3,8.157796,6.5,6.2
2014-05-01,5.951735,8.323563,8.556989,11.36,7.3,3.027839,6.1,4.663405,24.6,7.1,8.743873,9.796296,6.3,12.1,3.560525,4.3,9.6,7.164476,3.4,5.239292,6.8,12.6,15.00278,5.2,5.06491,1.9,12.99,13.2,7.795496,6.6,6.3
2014-06-01,6.063808,8.483143,8.624384,11.19,7.1,3.040826,6.0,4.657454,24.4,7.1,8.700508,9.818519,6.1,12.0,3.671883,4.3,9.2,7.139746,3.6,5.198655,6.8,12.4,14.78098,5.2,5.079069,1.9,12.87,13.2,8.176593,6.9,6.1
2014-07-01,6.185329,8.419102,8.609067,11.11,7.1,3.034629,5.8,4.371962,24.3,7.8,8.084723,9.851852,6.0,11.9,3.820828,4.3,9.3,7.183544,3.7,5.201592,6.6,12.3,14.2573,5.2,5.119202,1.9,12.78,13.0,8.002013,5.9,6.2
2014-08-01,6.04821,8.436598,8.622047,10.95,7.0,3.018703,6.2,4.772462,24.1,7.8,8.707436,9.896296,6.0,11.7,3.473173,4.3,9.3,6.98872,4.0,5.248535,6.6,12.1,14.04403,5.2,5.110106,1.9,12.65,12.9,8.108343,6.9,6.1
2014-09-01,6.142731,8.524256,8.69489,11.05,7.0,3.033623,5.7,4.823669,24.0,7.8,9.211196,9.951852,6.0,11.4,3.507184,4.3,9.1,7.125318,3.9,5.341042,6.6,11.9,13.92227,5.2,5.2008,1.9,12.42,12.9,7.919034,6.3,5.9
2014-01-01,6.344405,8.536331,8.653467,10.93,6.8,3.02888,5.6,4.617977,23.9,6.3,9.258853,10.07778,5.9,11.1,3.559765,4.3,9.0,7.073626,4.0,5.504544,6.5,11.7,13.9209,5.1,5.193377,1.9,12.4,12.9,8.131847,6.8,5.7
2014-11-01,6.283779,8.618509,8.669152,10.74,6.8,3.005678,6.2,4.731764,23.8,6.3,8.894477,10.11111,5.7,10.8,3.399443,4.3,9.0,7.019332,3.9,5.569435,6.5,11.6,13.83955,5.1,5.253241,1.9,12.3,12.8,8.101985,7.1,5.8
2014-12-01,6.088674,8.677685,8.676812,10.49,6.7,3.032309,5.8,4.493252,23.7,6.3,9.292483,10.11111,5.7,10.8,3.374746,4.3,8.8,6.957849,4.0,5.587122,6.5,11.3,13.76588,5.2,5.213715,1.9,12.21,12.7,7.554876,7.0,5.6
2015-01-01,6.304688,8.723182,8.692796,10.47,6.8,3.05414,5.7,4.415169,23.4,6.3,8.749914,9.988889,5.6,10.7,3.499857,4.7,8.6,6.943977,4.3,5.527958,6.4,11.2,13.84422,5.2,5.175517,1.8,12.17,12.6,7.925699,6.5,5.7
2015-02-01,6.084952,8.883889,8.826698,10.37,6.9,3.085661,5.9,4.587393,23.2,6.3,9.537362,9.988889,5.5,10.7,3.536231,4.7,8.6,6.99686,4.6,5.512662,6.4,11.1,13.73155,5.3,5.497708,1.8,12.13,12.5,7.924526,6.9,5.5
2015-03-01,6.1196,9.04123,8.903109,10.4,6.8,3.117754,5.7,4.416106,22.9,6.3,9.333554,10.02222,5.5,10.5,3.416388,4.7,8.5,6.867295,4.7,5.491657,6.4,11.0,13.53776,5.4,5.598497,1.8,11.98,12.5,7.729218,7.1,5.4
2015-04-01,6.158595,9.18673,8.782394,10.37,6.9,3.145183,5.2,4.590592,22.7,6.6,9.467016,10.19259,5.6,10.3,3.396665,4.7,8.4,6.893379,4.5,5.54188,6.2,10.9,12.98401,5.3,5.596526,2.0,11.79,12.4,7.882602,7.8,5.4
2015-05-01,5.951384,9.256696,8.704825,10.27,6.8,3.164557,4.9,4.440285,22.5,6.6,9.441765,10.21481,5.6,10.0,3.366075,4.7,8.9,6.874684,4.5,5.556244,6.2,10.8,12.76262,5.3,5.646489,2.0,11.68,12.5,7.679621,7.3,5.6
2015-06-01,6.010476,9.308538,8.579326,10.09,6.9,3.196194,5.0,4.356024,22.2,6.6,9.832671,10.19259,5.5,9.8,3.379911,4.7,9.1,6.811455,4.7,5.572105,6.2,10.6,12.64261,5.2,5.576889,2.0,11.63,12.4,7.638844,7.4,5.3
2015-07-01,6.239745,9.158845,8.212129,9.92,6.9,3.196012,5.0,4.297689,21.9,5.4,9.64497,10.05185,5.4,9.6,3.417357,4.7,9.0,6.731528,4.7,5.677343,6.4,10.4,12.74326,5.2,5.526532,1.9,11.52,12.3,7.293389,7.3,5.2
2015-08-01,6.147415,9.154007,8.14181,9.82,7.0,3.213004,4.7,4.139297,21.6,5.4,9.611176,9.996296,5.3,9.5,3.356028,4.7,8.8,6.753599,4.8,5.625151,6.4,10.3,12.71426,5.1,5.611807,1.9,11.35,12.2,7.032689,7.6,5.1
2015-09-01,6.119982,9.144979,8.431435,9.73,7.1,3.226543,4.8,4.177524,21.4,5.4,9.435359,9.951852,5.2,9.6,3.399494,4.7,8.8,6.606738,4.7,5.510355,6.4,10.1,12.68316,5.0,5.510491,1.9,11.31,12.1,7.397497,8.0,5.0
2015-01-01,5.93311,9.145669,8.787997,9.71,7.0,3.236541,4.6,4.196024,21.2,6.4,9.630534,9.918519,5.1,9.6,3.153554,4.7,8.9,6.668286,4.7,5.007194,6.1,9.9,12.6178,4.9,5.600103,1.9,10.99,11.9,7.229293,8.5,5.0
2015-11-01,5.840326,9.135382,9.004374,9.81,7.1,3.267352,4.5,4.318949,20.9,6.4,9.119446,9.896296,5.1,9.6,3.28012,4.7,8.6,6.635003,4.8,4.889835,6.1,9.8,12.52993,4.8,5.861863,1.9,10.82,11.9,7.027513,8.0,5.1
2015-12-01,5.728943,9.091603,8.800153,9.75,7.2,3.264433,4.6,4.408927,20.8,6.4,9.749388,9.885185,5.1,9.2,3.256399,4.7,8.4,6.577189,4.9,4.878998,6.1,9.6,12.4357,4.8,5.715008,1.9,10.56,12.0,7.192319,7.9,5.0
2016-01-01,6.007469,9.125866,8.425981,9.59,7.3,3.301891,4.3,3.977432,20.6,6.4,9.143917,9.92963,5.1,9.1,3.200663,4.4,8.5,6.518373,5.3,5.210352,5.6,9.6,12.37671,4.7,5.467995,1.9,10.23,12.0,7.045516,7.7,4.8
2016-02-01,5.66809,8.932532,8.254212,9.42,7.3,3.324662,4.2,4.032887,20.4,6.4,8.95838,9.907407,5.1,8.9,3.248862,4.4,8.3,6.440976,5.2,5.24184,5.6,9.5,12.26857,4.7,5.486308,1.9,9.97,11.8,7.144016,7.8,4.9
2016-03-01,5.677551,9.161569,8.100767,9.35,7.2,3.334959,4.1,4.145967,20.3,6.4,9.158023,9.862963,5.0,8.8,3.242191,4.4,8.3,6.481743,5.2,5.220828,5.6,9.5,12.12022,4.7,5.79927,1.9,9.87,11.7,7.632524,7.7,5.0
2016-04-01,5.656991,9.157996,8.132722,9.05,7.3,3.33929,3.9,3.971849,20.3,6.4,8.82351,9.751852,4.9,8.9,3.220274,4.4,8.2,6.467802,5.0,5.073767,5.8,9.3,11.82402,4.8,5.6979,2.1,9.75,11.5,6.919208,7.8,5.1
2016-05-01,5.739112,9.13137,8.14327,8.87,7.0,3.353451,3.9,4.114832,20.1,6.4,8.722944,9.696296,4.9,8.8,3.1661,4.4,8.0,6.371102,4.8,5.029447,5.8,9.2,11.61889,5.0,5.640129,2.1,9.63,11.3,7.228352,7.9,4.8
2016-06-01,5.686458,9.127444,8.127039,8.85,6.9,3.340367,4.2,4.042508,19.9,6.4,9.164598,9.651852,4.9,8.7,3.088564,4.4,7.9,6.370798,4.8,5.002674,5.8,9.0,11.4363,4.9,5.59101,2.1,9.51,11.2,6.907062,7.6,4.9
2016-07-01,5.619311,9.091674,7.89642,8.68,6.9,3.330187,4.2,4.018327,19.5,7.6,9.229076,9.588889,5.0,8.5,3.007889,4.4,8.1,6.275761,4.9,4.979022,5.3,8.8,11.31366,4.9,5.519469,2.1,9.45,11.1,6.923562,8.9,4.8
2016-08-01,5.61088,9.103503,7.744832,8.48,6.9,3.340008,3.7,3.908409,19.3,7.6,8.65254,9.588889,4.8,8.3,3.147491,4.4,7.8,6.209639,5.0,5.007967,5.3,8.7,11.1467,4.8,5.508399,2.1,9.41,11.0,7.191729,7.7,4.9
2016-09-01,5.625025,9.009767,7.550756,8.29,7.0,3.333922,3.9,3.640184,19.1,7.6,8.431373,9.622222,4.8,7.9,2.980275,4.4,7.8,6.281272,4.9,5.076662,5.3,8.6,10.98175,4.8,5.409734,2.1,9.31,10.8,6.779833,8.3,5.0
2016-01-01,5.619181,9.031803,7.304282,8.08,6.9,3.317466,3.8,3.788735,18.8,6.7,8.918827,9.837037,4.8,7.7,2.940094,4.4,7.8,6.285146,4.8,5.231739,5.1,8.5,10.81497,4.8,5.507596,2.2,9.08,10.7,6.930212,7.1,4.9
2016-11-01,5.762292,8.982909,7.206371,7.82,6.8,3.305213,3.6,3.724518,18.8,6.7,9.255906,9.825926,4.7,7.5,3.068228,4.4,7.8,6.277015,4.6,5.22552,5.1,8.3,10.62067,4.8,5.344724,2.2,8.85,10.6,6.968279,7.8,4.7
2016-12-01,5.853565,8.907089,7.313557,7.77,6.9,3.280796,3.6,3.469627,18.5,6.7,8.497359,9.737037,4.7,7.5,3.047768,4.4,8.0,6.216778,4.3,5.172544,5.1,8.1,10.41711,4.7,5.213041,2.2,8.71,10.5,6.974753,8.2,4.7
2017-01-01,5.707593,8.912165,7.568946,7.62,6.8,3.207035,3.4,3.707001,18.4,5.6,9.003214,9.407407,4.6,7.4,3.015316,4.2,7.9,6.198091,4.3,4.993989,6.5,8.0,10.12133,4.6,5.381177,2.3,8.53,10.4,6.964579,8.2,4.7
2017-02-01,5.866612,8.793743,7.77104,7.67,6.6,3.190804,3.3,3.771437,18.2,5.6,8.940749,9.285185,4.6,7.3,2.869811,4.2,8.0,6.067406,4.5,4.91946,6.5,7.8,9.955538,4.5,5.388874,2.3,8.33,10.2,6.939615,8.0,4.6
2017-03-01,5.883578,8.679551,7.624352,7.52,6.7,3.169053,3.3,3.68402,18.0,5.6,8.797301,9.207407,4.5,7.1,2.759718,4.2,7.8,5.970571,4.7,4.871022,6.5,7.6,9.822669,4.5,5.204866,2.3,8.06,10.0,6.712711,8.6,4.4
2017-04-01,5.604196,8.609443,7.320484,7.41,6.5,3.165816,3.3,3.865563,17.6,6.8,9.310252,9.218519,4.4,6.8,2.747873,4.2,7.8,5.943433,4.7,4.872502,5.4,7.5,9.807722,4.5,5.198118,2.2,7.83,9.8,6.866737,8.3,4.4
2017-05-01,5.516456,8.557326,7.20218,7.24,6.6,3.128783,3.0,3.478282,17.4,6.8,8.763833,9.196296,4.4,6.6,3.05162,4.2,7.8,5.830059,4.5,4.838399,5.4,7.4,9.629185,4.4,5.249511,2.2,7.48,9.6,6.8382,8.0,4.4
2017-06-01,5.569793,8.502855,7.059981,7.19,6.5,3.10691,2.9,3.419529,17.1,6.8,8.917664,9.185185,4.3,6.6,2.795078,4.2,7.7,5.80908,4.4,4.798283,5.4,7.3,9.39927,4.3,5.196378,2.2,6.91,9.5,6.678737,7.9,4.3
2017-07-01,5.512084,8.47134,7.18418,7.09,6.3,3.09353,2.8,3.410548,16.8,5.3,8.546155,9.274074,4.3,6.7,2.797331,4.2,7.9,5.919936,4.3,4.796809,5.4,7.3,9.114454,4.2,5.204945,2.1,6.66,9.3,6.955602,7.9,4.3
2017-08-01,5.489526,8.407442,7.143357,7.06,6.2,3.060629,2.7,3.576496,16.7,5.3,8.402717,9.218519,4.3,6.6,2.747667,4.2,7.8,5.856077,4.3,4.735176,5.4,7.2,8.849894,4.2,5.089523,2.1,6.48,9.2,6.479932,7.7,4.4
2017-09-01,5.456044,8.453946,6.932432,6.94,6.2,3.020798,2.7,3.519505,16.7,5.3,9.198939,9.107407,4.2,6.7,2.771168,4.2,7.9,5.88178,4.2,4.662795,5.4,7.0,8.602787,4.1,5.208065,2.1,6.3,9.1,6.877096,7.4,4.3
2017-01-01,5.403219,8.332016,6.7283,6.86,6.4,3.008028,2.7,3.612793,16.7,5.5,8.245671,8.748148,4.3,6.6,2.718493,4.2,7.9,5.823397,4.1,4.479095,5.5,6.8,8.299444,4.0,5.005813,2.1,6.15,9.0,6.891418,7.7,4.2
2017-11-01,5.423142,8.275917,6.404942,6.85,6.1,2.966929,2.4,3.248968,16.6,5.5,7.745058,8.67037,4.4,6.4,2.664437,4.2,7.9,5.828644,4.1,4.376749,5.5,6.6,8.123961,4.0,5.028606,2.1,6.05,8.9,6.559117,7.9,4.2
2017-12-01,5.642822,8.199678,6.223271,6.94,6.0,2.939496,2.3,3.488202,16.6,5.5,9.119121,8.681481,4.3,6.3,2.740075,4.2,8.2,5.883441,4.1,4.32437,5.5,6.6,7.974402,3.9,5.021043,2.1,5.95,8.7,6.602523,7.4,4.1
2018-01-01,5.564071,7.946131,6.105515,6.7,5.9,2.913703,2.6,3.308021,16.4,6.9,8.641587,8.974074,4.2,6.0,2.423591,4.4,8.3,5.793567,4.2,4.335307,5.2,6.4,7.917702,3.9,5.003387,2.1,5.84,8.6,6.736449,8.5,4.0
2018-02-01,5.631398,7.941374,6.075898,6.55,6.0,2.880314,2.3,3.315808,16.2,6.9,8.284718,9.018519,4.2,5.9,2.589822,4.4,8.3,5.78225,4.1,4.343708,5.2,6.3,7.796271,3.8,4.892,2.1,5.72,8.5,5.929881,9.2,4.1
2018-03-01,5.551864,7.764348,6.130638,6.41,5.8,2.71229,2.1,3.213331,16.0,6.9,8.309998,9.007407,4.2,5.8,2.468913,4.4,8.7,5.62886,4.2,4.382792,5.2,6.3,7.661548,3.8,4.915488,2.1,5.61,8.4,6.388293,8.0,4.0
2018-04-01,5.502485,7.621047,6.335362,6.22,5.8,2.580632,2.3,3.261624,15.7,4.7,7.615817,8.866667,4.2,5.9,2.465432,4.4,8.6,5.513906,4.0,4.583826,5.1,6.2,7.39444,3.7,4.801617,2.1,5.49,8.3,6.540354,8.2,4.0
2018-05-01,5.354492,7.518378,6.2985,6.16,5.9,2.429092,2.2,3.257405,15.5,4.7,7.38187,8.8,4.0,5.9,2.241967,4.4,8.5,5.463817,3.9,4.568103,5.1,6.2,7.223327,3.7,4.759138,2.1,5.42,8.3,6.191267,8.2,3.8
2018-06-01,5.277344,7.528114,6.127607,6.0,6.0,2.460223,2.3,3.30439,15.2,4.7,7.039872,8.733333,4.0,5.8,2.495797,4.4,8.7,5.437593,3.9,4.462223,5.1,6.1,7.074853,3.6,4.794187,2.1,5.36,8.2,6.550424,7.9,4.0
2018-07-01,5.224677,7.671584,5.901447,5.99,5.9,2.436137,2.2,3.213285,15.0,5.3,7.229854,8.651852,4.0,5.7,2.493181,4.4,8.5,5.394286,4.1,4.062045,5.2,6.0,7.119121,3.5,4.798635,2.1,5.35,8.2,6.432305,8.0,3.8
2018-08-01,5.254989,7.62681,5.661078,5.95,6.0,2.42772,2.4,3.161224,14.8,5.3,7.399997,8.596296,4.1,5.7,2.453625,4.4,8.4,5.416767,4.2,3.978866,5.2,6.0,6.996727,3.5,4.772279,2.1,5.32,8.2,6.326925,8.9,3.8
2018-09-01,5.025817,7.738588,5.609398,5.99,5.8,2.421281,2.2,3.184908,14.7,5.3,7.030115,8.551852,4.1,5.7,2.364234,4.4,8.7,5.400075,4.2,4.009486,5.2,5.9,6.884671,3.4,4.597093,2.1,5.29,8.2,6.455329,8.5,3.7
2018-01-01,5.022884,7.794517,5.73209,6.06,5.7,2.408277,2.0,3.12323,14.6,4.6,7.09694,8.518519,4.0,5.8,2.394479,4.4,8.3,5.361858,4.0,4.376573,5.7,5.9,6.669634,3.3,4.701192,2.2,5.28,8.1,6.36836,8.6,3.8
2018-11-01,5.102948,7.761989,5.798145,6.02,5.7,2.409287,2.0,3.071676,14.5,4.6,6.906357,8.496296,4.0,5.7,2.468269,4.4,8.4,5.270541,3.8,4.404391,5.7,5.8,6.633137,3.3,4.814537,2.2,5.24,8.1,6.686303,7.5,3.8
2018-12-01,5.066147,7.63639,5.723363,6.05,5.7,2.420902,2.3,3.079207,14.4,4.6,5.819254,8.485185,3.9,5.5,2.440826,4.4,8.5,5.095624,3.8,4.384619,5.7,5.8,6.605903,3.2,4.817508,2.2,5.13,7.9,6.667266,8.9,3.9
2019-01-01,5.102705,7.606536,5.628927,5.99,5.7,2.438477,2.1,3.092618,14.3,4.8,6.557001,8.544444,3.9,5.0,2.438021,4.8,8.5,5.252421,4.0,4.206211,5.3,5.8,6.6497,3.2,4.832737,2.2,5.27,7.9,6.384291,8.4,4.0
2019-02-01,5.046644,7.335734,5.582794,5.81,5.8,2.394791,1.7,2.781587,14.2,4.8,6.986838,8.511111,3.8,4.9,2.402273,4.8,8.5,5.297593,4.0,4.148108,5.3,5.7,6.666796,3.2,4.80466,2.2,5.2,7.9,6.846569,8.3,3.8
2019-03-01,5.126619,7.229041,5.540863,5.57,5.9,2.33584,2.0,3.228697,14.2,4.8,6.632918,8.444444,3.8,4.9,2.475647,4.8,8.6,5.389971,3.8,4.10866,5.3,5.7,6.703165,3.2,4.720029,2.2,5.09,7.8,7.425527,9.1,3.8
2019-04-01,5.169953,7.137404,5.550205,5.39,5.7,2.289889,2.1,2.947159,14.2,4.7,7.254307,8.27037,3.8,5.1,2.469541,4.8,8.3,5.375617,3.4,4.05168,4.8,5.5,6.777078,3.1,4.706064,2.3,4.92,7.6,6.604894,8.2,3.6
2019-05-01,5.134929,7.122478,5.506396,5.27,5.4,2.228251,2.1,2.944333,14.3,4.7,7.06484,8.192593,3.9,5.2,2.310827,4.8,8.3,5.401573,3.5,4.025696,4.8,5.4,6.73871,3.0,4.56829,2.3,4.84,7.6,6.801239,8.9,3.7
2019-06-01,5.193635,7.143205,5.394841,5.4,5.6,2.22021,1.8,2.891358,14.2,4.7,6.505409,8.137037,3.8,5.2,2.283401,4.8,8.3,5.398473,3.7,4.014187,4.8,5.5,6.626811,3.1,4.38987,2.3,4.81,7.5,6.49526,9.7,3.6
2019-07-01,5.216448,7.253686,5.212155,5.51,5.8,2.226262,2.1,2.907007,14.2,3.9,6.469203,8.148148,3.9,5.1,2.294813,4.8,8.3,5.384888,4.0,4.130282,5.2,5.3,6.407496,3.0,4.495947,2.2,4.78,7.5,7.282552,9.2,3.7
2019-08-01,5.265391,7.397541,5.154792,5.59,5.8,2.234606,2.1,2.95564,14.1,3.9,6.629896,8.103704,3.8,5.0,2.260708,4.8,8.4,5.400547,4.0,4.124703,5.2,5.3,6.336365,3.0,4.35894,2.2,4.85,7.5,7.11781,8.9,3.7
2019-09-01,5.220575,7.472906,5.181014,5.66,5.6,2.256681,2.1,2.961936,14.0,3.9,6.510467,8.048148,3.8,4.9,2.356996,4.8,8.3,5.341289,4.1,4.120899,5.2,5.3,6.374535,3.0,4.593699,2.2,4.99,7.5,6.638356,9.2,3.5
2019-01-01,5.28691,7.592678,5.232235,5.81,5.6,2.296247,2.2,2.940424,13.9,4.4,6.822247,7.966667,3.8,4.8,2.37534,4.8,8.3,5.409083,3.9,4.083955,5.2,5.2,6.638221,3.0,4.588766,2.3,5.06,7.6,6.900267,8.9,3.6
2019-11-01,5.136176,7.506082,5.18108,5.88,5.9,2.337831,2.2,2.982452,13.9,4.4,6.768604,7.9,3.8,4.8,2.275954,4.8,8.5,5.499304,4.1,4.072839,5.2,5.2,6.756199,3.0,4.605922,2.3,5.13,7.6,7.854415,9.4,3.6
2019-12-01,5.121464,7.442832,5.220967,5.93,5.6,2.396325,1.9,3.092706,13.8,4.4,6.459332,7.833333,3.9,4.8,2.250498,4.8,8.4,5.412652,4.0,4.102819,5.2,5.2,6.771399,2.8,4.613809,2.3,5.08,7.6,6.748506,9.1,3.6
2020-01-01,5.30074,7.251213,5.150651,5.98,5.5,2.423388,2.0,2.974694,13.8,5.1,6.702965,7.825926,4.0,4.8,2.343327,5.5,8.6,5.547311,3.9,4.235636,5.3,5.2,6.691866,2.9,4.657528,2.5,5.03,7.6,7.419825,8.6,3.5
2020-02-01,5.182414,7.064533,5.090548,5.86,5.7,2.384083,1.8,3.270123,13.6,5.1,6.715399,7.714815,4.0,4.8,2.408635,5.5,8.8,5.478627,3.8,4.251544,5.3,5.2,6.608605,2.8,4.509474,2.5,5.1,7.5,7.738317,10.4,3.5
2020-03-01,5.264201,11.81703,4.938768,6.39,8.4,2.842272,1.9,3.63725,14.5,5.1,7.040396,7.559259,4.1,4.9,2.580202,5.5,9.4,6.157449,3.7,4.236967,5.3,5.2,6.500123,2.9,4.716091,2.5,5.23,7.9,6.847815,9.7,4.4
2020-04-01,6.246778,12.32946,4.864823,8.65,13.6,3.274103,2.2,3.500376,15.3,6.7,7.150382,6.974074,4.1,4.7,2.663913,5.5,11.2,6.840984,4.2,3.908909,16.2,5.7,5.79257,3.0,5.81383,2.9,6.53,9.1,8.157904,9.9,14.7
2020-05-01,6.930021,12.00279,5.018304,8.87,14.1,3.423544,2.5,3.656967,15.5,6.7,8.473358,7.018519,4.1,5.0,2.764899,5.5,12.1,6.885141,4.6,3.986018,16.2,6.0,5.872952,3.0,6.155764,2.9,7.09,9.4,8.471246,9.7,13.2
2020-06-01,7.40892,10.9769,5.287621,8.42,12.4,3.42873,2.6,3.783484,16.0,6.7,7.841845,7.307407,4.3,5.7,2.765141,5.5,12.4,6.933008,5.2,4.217417,16.2,6.3,6.245312,3.1,6.192661,2.9,7.19,9.4,8.751277,10.5,11.0
2020-07-01,7.473337,10.33202,5.985313,8.07,11.0,3.409871,3.0,4.009305,16.3,7.8,8.114742,8.522222,4.6,6.8,2.898659,5.5,13.1,6.588996,5.4,5.116576,9.7,6.2,7.908157,3.2,6.313017,3.4,7.42,9.3,9.624013,10.6,10.2
2020-08-01,6.849334,9.67955,6.364832,7.76,10.2,3.419535,2.7,3.834509,16.5,7.8,8.41081,8.788889,4.9,7.2,2.952695,5.5,13.8,6.320473,5.5,5.313712,9.7,6.2,8.19573,3.3,6.420899,3.4,7.48,9.2,9.13185,10.6,8.4
2020-09-01,6.913431,9.578068,6.220026,7.55,9.2,3.419244,2.8,3.872289,16.4,7.8,8.037636,8.788889,5.1,7.3,2.93303,5.5,14.5,6.402142,5.4,5.350193,9.7,6.3,8.178561,3.3,6.28662,3.4,7.45,8.9,9.076864,10.7,7.9
2020-01-01,6.903592,9.527315,5.821883,7.17,9.0,3.413507,3.2,3.69418,16.3,7.7,8.211361,8.033333,5.1,6.4,3.052632,5.5,15.2,6.356754,5.3,5.012045,9.8,6.3,7.253195,3.3,6.264726,3.2,7.54,8.8,8.984266,11.3,6.9
2020-11-01,6.770966,9.738064,5.682703,6.84,8.7,3.415512,3.0,3.596601,16.2,7.7,8.002299,7.866667,5.2,6.2,2.911808,5.5,15.7,6.323482,5.1,4.884324,9.8,6.2,7.092356,3.3,6.100993,3.2,7.65,8.8,8.810932,11.1,6.7
2020-12-01,6.655587,9.672926,5.914655,6.75,8.9,3.392628,3.0,3.733508,16.2,7.7,8.125096,7.8,5.1,6.2,3.032748,5.5,15.8,6.3557,5.0,4.78196,9.8,6.8,6.953295,3.3,5.903746,3.2,7.76,8.8,9.254986,11.1,6.7
2021-01-01,6.332035,9.527482,6.561081,6.71,9.2,3.405981,3.3,3.917636,15.7,7.0,8.245473,8.025926,5.1,6.8,2.961131,5.1,15.8,6.472378,5.1,4.724717,8.9,6.8,6.908058,3.2,5.799082,2.9,7.84,8.8,9.111228,10.8,6.3
2021-02-01,5.901147,9.335595,6.805521,6.55,8.5,3.389877,3.2,3.96314,15.5,7.0,8.231637,8.014815,4.9,7.3,2.927953,5.1,15.5,6.334409,5.0,4.613819,8.9,6.8,6.881011,3.3,5.722451,2.9,7.91,8.6,9.077546,11.0,6.2
2021-03-01,5.670385,8.992714,6.762516,6.19,7.6,3.313813,3.3,3.949969,15.3,7.0,7.998361,7.959259,4.9,7.6,2.685895,5.1,14.8,6.183632,5.0,4.479724,8.9,6.7,6.929278,3.3,5.405561,2.9,7.98,8.4,9.485526,9.4,6.1
2021-04-01,5.362985,8.496712,6.51142,5.84,8.2,3.2193,3.3,3.757696,15.6,6.4,8.602676,7.755556,4.9,7.5,2.860419,5.1,14.3,6.054869,5.0,4.272852,7.9,6.7,7.148689,3.2,5.219782,2.7,7.91,8.2,9.034907,9.9,6.1
2021-05-01,4.983768,8.098011,6.301848,5.54,8.2,3.12901,3.1,3.767447,15.6,6.4,7.990715,7.688889,4.7,7.0,2.929445,5.1,14.1,5.882034,5.0,4.046515,7.9,6.6,7.059939,3.2,4.960032,2.7,7.78,7.8,8.95975,10.1,5.8
2021-06-01,4.979226,7.75628,6.206179,5.33,7.8,3.004317,2.7,3.578436,15.5,6.4,7.700593,7.655556,4.6,6.4,2.948953,5.1,13.3,5.699843,4.9,3.790903,7.9,6.5,6.825967,3.1,4.798942,2.7,7.57,7.5,9.029031,9.1,5.9
2021-07-01,4.670742,7.639913,6.274445,5.19,7.5,2.929116,2.7,3.398485,15.2,5.8,7.568362,7.759259,4.4,5.9,2.809261,5.1,13.3,5.643569,4.5,3.475691,7.2,6.4,6.369486,3.0,4.525838,2.6,7.44,7.4,8.660032,10.3,5.4
2021-08-01,4.591377,7.488703,6.342051,5.13,7.2,2.859186,2.8,3.337322,14.7,5.8,6.96729,7.714815,4.3,5.5,2.750633,5.1,12.3,5.547456,4.2,3.274349,7.2,6.3,6.135188,2.9,4.436378,2.6,7.28,7.2,8.835804,9.3,5.2
2021-09-01,4.657478,7.383128,6.091045,5.05,7.1,2.769884,2.5,3.370466,14.2,5.8,7.446856,7.625926,4.2,5.2,2.734998,5.1,11.7,5.428138,3.8,3.158686,7.2,6.3,6.018365,2.9,4.295178,2.6,7.15,7.1,8.98784,9.0,4.8
2021-01-01,5.193418,7.096911,6.020139,4.99,6.6,2.674356,2.5,3.279427,13.7,5.5,6.703877,7.388889,4.1,5.3,2.653346,5.1,11.2,5.293075,3.7,3.218949,8.1,6.1,6.142679,2.8,4.259328,2.4,7.03,7.0,8.635312,8.1,4.5
2021-11-01,4.526295,7.13464,5.781482,4.95,6.2,2.593723,2.2,3.28153,13.3,5.5,6.932789,7.288889,4.0,5.3,2.820167,5.1,10.3,5.257591,3.6,3.194696,8.1,6.0,6.162869,2.7,4.303557,2.4,6.94,6.9,8.586029,7.7,4.2
2021-12-01,4.212402,6.895026,5.615875,4.82,6.0,2.528636,2.2,3.200703,13.2,5.5,7.128199,7.222222,4.0,5.1,2.723142,5.1,10.0,5.186447,3.4,3.185257,8.1,5.8,6.083533,2.9,4.294752,2.4,6.94,6.6,8.056568,7.6,3.9
2022-01-01,4.142088,6.643278,5.379012,4.62,6.5,2.448339,2.3,3.144199,13.2,5.4,6.983035,7.218519,3.8,4.9,2.756139,4.7,9.6,4.999744,3.3,3.1739,6.5,5.7,5.76373,2.9,4.384377,2.2,6.94,6.3,8.115635,7.6,4.0
2022-02-01,4.095228,6.38745,5.315032,4.54,5.4,2.376943,2.5,3.03796,13.2,5.4,6.734954,7.196296,3.7,4.7,2.711477,4.7,9.4,4.891726,3.3,3.187011,6.5,5.6,5.70504,2.9,4.113677,2.2,6.82,6.2,7.416018,7.2,3.8
2022-03-01,3.969067,6.163495,5.446948,4.49,5.3,2.300844,2.2,2.967344,13.2,5.4,6.894953,7.185185,3.8,5.0,2.592511,4.7,9.4,4.742976,3.1,3.216105,6.5,5.6,5.754397,2.9,4.095472,2.2,6.63,6.1,7.667321,7.5,3.6
2022-04-01,3.836302,6.115589,5.712195,4.34,5.3,2.225292,2.5,3.061583,13.0,5.5,6.172955,7.22963,3.8,4.5,2.582249,4.7,9.4,4.689042,3.2,3.296817,5.2,5.5,5.920422,2.9,4.021349,2.1,6.42,5.9,7.851837,7.9,3.6
2022-05-01,3.864302,6.057438,6.001302,4.34,5.2,2.148487,2.4,2.963267,12.7,5.5,6.131549,7.207407,3.8,4.2,2.632138,4.7,9.1,4.687907,3.2,3.318101,5.2,5.4,5.964028,2.9,3.961683,2.1,6.22,5.8,7.753127,8.0,3.6
2022-06-01,3.601469,6.147755,5.788505,4.36,4.9,2.112381,2.4,2.884206,12.7,5.5,6.840369,7.162963,3.6,4.2,2.6456,4.7,9.0,4.66481,3.2,3.317484,5.2,5.3,5.973716,2.9,3.905441,2.1,6.12,5.8,7.278192,8.1,3.6
2022-07-01,3.425326,6.271726,5.502297,4.41,4.9,2.085493,2.3,3.401517,12.7,5.7,6.967853,7.037037,3.5,4.3,2.514237,4.7,9.3,4.684907,3.1,3.327305,5.2,5.3,6.060438,2.9,3.939564,2.1,6.05,5.7,7.136791,7.9,3.5
2022-08-01,3.525242,6.38901,5.376855,4.52,5.3,2.068935,2.4,3.0345,12.8,5.7,7.200175,6.992593,3.6,4.4,2.549599,4.7,8.7,4.764731,3.2,3.301454,5.2,5.3,6.070865,2.9,3.841959,2.1,6.08,5.6,6.892322,7.8,3.7
2022-09-01,3.555885,6.43608,5.39792,4.54,5.2,2.059883,2.3,2.968473,12.9,5.7,7.076112,6.97037,3.7,4.3,2.638597,4.7,8.5,4.866159,3.4,3.285347,5.2,5.3,6.111337,2.9,3.895498,2.1,6.13,5.6,6.935916,7.9,3.5
2022-01-01,3.37922,6.482869,5.620624,4.58,5.2,2.050093,2.2,3.175101,12.9,5.7,6.529141,7.014815,3.7,4.5,2.553516,4.7,8.6,4.943383,3.2,3.287366,4.9,5.3,6.120797,3.0,3.856412,2.0,6.15,5.6,7.94822,8.0,3.7
2022-11-01,3.401647,6.195476,5.683286,4.56,5.1,2.036962,2.7,3.069711,12.9,5.7,6.858595,7.003704,3.7,4.5,2.512954,4.7,8.6,4.930659,3.2,3.301721,4.9,5.3,6.331371,3.0,3.703671,2.0,6.14,5.4,7.215571,8.1,3.6
2022-12-01,3.545734,6.244642,5.720964,4.67,5.0,2.013233,2.3,3.093815,13.0,5.7,7.102016,6.981481,3.7,4.4,2.508336,4.7,8.7,4.882511,3.4,3.322685,4.9,5.2,6.520247,2.9,3.690763,2.0,6.07,5.3,7.474608,8.5,3.5
2023-01-01,3.651982,6.201704,5.685937,4.49,5.0,2.009874,2.5,2.951468,13.0,5.2,7.03981,6.903704,3.8,4.2,2.448289,4.7,8.6,4.892369,3.6,3.328409,4.9,5.3,6.945513,2.9,3.569656,1.8,5.76,5.0,7.33269,8.7,3.4
2023-02-01,3.628419,6.147365,5.62403,5.13,5.0,1.98075,2.4,2.854328,12.8,5.2,6.780579,6.892593,3.9,4.1,2.600305,4.7,8.5,4.89699,3.7,3.371504,4.9,5.3,7.037335,2.9,3.510614,1.8,5.68,5.0,7.662885,8.0,3.6
2023-03-01,3.574171,6.123572,5.645618,5.1,5.0,1.952525,2.6,2.871595,12.5,5.2,6.811555,6.903704,3.8,4.1,2.80094,4.7,8.6,4.962915,3.7,3.434181,4.9,5.2,7.042995,2.9,3.491172,1.8,5.56,5.0,7.237624,8.5,3.5
2023-04-01,3.643186,6.167992,5.609692,4.95,5.0,1.935112,2.7,2.955659,12.1,6.5,7.071271,6.951852,4.0,4.1,2.592172,4.7,8.9,5.008508,3.5,3.530276,4.1,5.2,6.545588,2.8,3.321072,1.9,5.21,5.0,7.191677,8.9,3.4
2023-05-01,3.520257,6.311169,5.689771,4.97,5.2,1.936407,2.5,2.865312,11.9,6.5,7.006273,6.996296,4.2,4.1,2.52998,4.7,8.6,5.01353,3.4,3.614929,4.1,5.1,6.348914,2.9,3.267287,1.9,4.98,4.9,7.22169,8.5,3.7
2023-06-01,3.492405,6.405864,5.576929,5.19,5.4,1.948365,2.8,2.982926,11.9,6.5,7.221652,7.051852,4.3,4.4,2.538828,4.7,8.5,5.177384,3.4,3.700152,4.1,5.2,6.188638,2.9,3.10558,1.9,4.99,5.0,7.804526,7.9,3.6
2023-07-01,3.702,6.574913,5.501862,5.43,5.5,1.994455,2.7,3.003777,11.9,7.4,7.245867,7.118519,4.3,4.4,2.618407,4.7,8.8,5.198753,3.5,3.809291,4.9,5.1,6.133564,2.8,3.036549,2.0,5.07,4.9,6.851345,7.6,3.5
2023-08-01,3.720282,6.587482,5.464525,5.52,5.5,2.034821,2.5,3.132355,11.9,7.4,7.208835,7.196296,4.3,4.5,2.645303,4.7,8.5,5.283204,3.6,3.918395,4.9,5.1,6.147843,2.9,3.05303,2.0,5.18,4.9,8.085436,8.1,3.8
2023-09-01,3.533007,6.62678,5.495574,5.64,5.5,2.087159,2.7,3.075099,12.0,7.4,7.359696,7.285185,4.3,4.7,2.543988,4.7,8.7,5.456645,3.6,4.06571,4.9,5.2,6.283857,2.8,2.998141,2.0,5.28,5.0,8.212495,8.0,3.8
2023-01-01,3.70658,6.646141,5.495574,5.76,5.7,2.135291,2.7,3.075099,12.0,7.4,7.697843,7.285185,4.3,4.8,2.543988,4.7,8.5,5.533517,3.6,4.06571,4.9,5.2,6.283857,2.8,2.998141,2.0,5.28,5.0,8.268335,8.8,3.9
